,evidences,final_pops,net_evidences,nets,posteriors,probs,Experiment,exp_id
0,0.5,0.45,0.3333333333333333,4-d75786f7-data-2018-01-25-big-experiment,0.007648397776437493,0.4,Experiment-1,d75786f7-data-2018-01-25-big-experiment
1,0.75,0.7,0.75,4-d75786f7-data-2018-01-25-big-experiment,0.9993238180468095,0.6,Experiment-1,d75786f7-data-2018-01-25-big-experiment
2,0.0,0.35,0.4166666666666667,4-d75786f7-data-2018-01-25-big-experiment,0.08070617906683486,0.4,Experiment-1,d75786f7-data-2018-01-25-big-experiment
3,0.25,0.4,0.3611111111111111,4-d75786f7-data-2018-01-25-big-experiment,0.017045927454929853,0.4,Experiment-1,d75786f7-data-2018-01-25-big-experiment
4,0.5,0.5,0.4722222222222222,4-d75786f7-data-2018-01-25-big-experiment,0.30769230769230765,0.4,Experiment-1,d75786f7-data-2018-01-25-big-experiment
5,0.0,0.55,0.3333333333333333,4-d75786f7-data-2018-01-25-big-experiment,0.007648397776437493,0.4,Experiment-1,d75786f7-data-2018-01-25-big-experiment
6,0.5,0.5,0.5,4-d75786f7-data-2018-01-25-big-experiment,0.5,0.4,Experiment-1,d75786f7-data-2018-01-25-big-experiment
7,0.25,0.4,0.3611111111111111,4-d75786f7-data-2018-01-25-big-experiment,0.017045927454929853,0.6,Experiment-1,d75786f7-data-2018-01-25-big-experiment
8,0.5,0.2,0.3333333333333333,5-d75786f7-data-2018-01-25-big-experiment,0.007648397776437493,0.4,Experiment-1,d75786f7-data-2018-01-25-big-experiment
9,0.5,0.45,0.3333333333333333,5-d75786f7-data-2018-01-25-big-experiment,0.007648397776437493,0.4,Experiment-1,d75786f7-data-2018-01-25-big-experiment
10,0.75,0.7,0.6111111111111112,5-d75786f7-data-2018-01-25-big-experiment,0.9624468241161801,0.6,Experiment-1,d75786f7-data-2018-01-25-big-experiment
11,0.75,0.35,0.3888888888888889,5-d75786f7-data-2018-01-25-big-experiment,0.037553175883819886,0.4,Experiment-1,d75786f7-data-2018-01-25-big-experiment
12,0.5,0.45,0.5555555555555556,5-d75786f7-data-2018-01-25-big-experiment,0.8350515463917525,0.4,Experiment-1,d75786f7-data-2018-01-25-big-experiment
13,0.75,0.5,0.8055555555555556,5-d75786f7-data-2018-01-25-big-experiment,0.999866360679712,0.6,Experiment-1,d75786f7-data-2018-01-25-big-experiment
14,0.5,0.55,0.3888888888888889,5-d75786f7-data-2018-01-25-big-experiment,0.037553175883819886,0.4,Experiment-1,d75786f7-data-2018-01-25-big-experiment
15,0.25,0.3,0.3888888888888889,5-d75786f7-data-2018-01-25-big-experiment,0.037553175883819886,0.4,Experiment-1,d75786f7-data-2018-01-25-big-experiment
16,0.75,0.8,0.6666666666666666,6-d75786f7-data-2018-01-25-big-experiment,0.9923516022235626,0.6,Experiment-1,d75786f7-data-2018-01-25-big-experiment
17,0.0,0.4,0.4722222222222222,6-d75786f7-data-2018-01-25-big-experiment,0.30769230769230765,0.6,Experiment-1,d75786f7-data-2018-01-25-big-experiment
18,0.5,0.45,0.6388888888888888,6-d75786f7-data-2018-01-25-big-experiment,0.9829540725450702,0.6,Experiment-1,d75786f7-data-2018-01-25-big-experiment
19,0.25,0.4,0.3888888888888889,6-d75786f7-data-2018-01-25-big-experiment,0.037553175883819886,0.4,Experiment-1,d75786f7-data-2018-01-25-big-experiment
20,0.0,0.4,0.5,6-d75786f7-data-2018-01-25-big-experiment,0.5,0.4,Experiment-1,d75786f7-data-2018-01-25-big-experiment
21,0.5,0.7,0.5277777777777778,6-d75786f7-data-2018-01-25-big-experiment,0.6923076923076922,0.6,Experiment-1,d75786f7-data-2018-01-25-big-experiment
22,0.25,0.3,0.4166666666666667,6-d75786f7-data-2018-01-25-big-experiment,0.08070617906683486,0.4,Experiment-1,d75786f7-data-2018-01-25-big-experiment
23,0.75,0.65,0.5555555555555556,6-d75786f7-data-2018-01-25-big-experiment,0.8350515463917525,0.6,Experiment-1,d75786f7-data-2018-01-25-big-experiment
24,0.75,0.75,0.75,7-d75786f7-data-2018-01-25-big-experiment,0.9993238180468095,0.6,Experiment-1,d75786f7-data-2018-01-25-big-experiment
25,0.0,0.45,0.4166666666666667,7-d75786f7-data-2018-01-25-big-experiment,0.08070617906683486,0.4,Experiment-1,d75786f7-data-2018-01-25-big-experiment
26,0.5,0.55,0.3611111111111111,7-d75786f7-data-2018-01-25-big-experiment,0.017045927454929853,0.4,Experiment-1,d75786f7-data-2018-01-25-big-experiment
27,0.75,0.55,0.5833333333333334,7-d75786f7-data-2018-01-25-big-experiment,0.9192938209331651,0.6,Experiment-1,d75786f7-data-2018-01-25-big-experiment
28,0.5,0.25,0.3888888888888889,7-d75786f7-data-2018-01-25-big-experiment,0.037553175883819886,0.4,Experiment-1,d75786f7-data-2018-01-25-big-experiment
29,0.25,0.2,0.5555555555555556,7-d75786f7-data-2018-01-25-big-experiment,0.8350515463917525,0.6,Experiment-1,d75786f7-data-2018-01-25-big-experiment
30,0.5,0.5,0.3888888888888889,7-d75786f7-data-2018-01-25-big-experiment,0.037553175883819886,0.4,Experiment-1,d75786f7-data-2018-01-25-big-experiment
31,0.75,0.55,0.7222222222222222,7-d75786f7-data-2018-01-25-big-experiment,0.9984798754563001,0.6,Experiment-1,d75786f7-data-2018-01-25-big-experiment
0,0.75,0.4,0.3333333333333333,4-18a75a2d-data-2018-03-19-big-experiment,0.007648397776437493,0.4,Experiment-1,18a75a2d-data-2018-03-19-big-experiment
1,1.0,0.4,0.6944444444444444,4-18a75a2d-data-2018-03-19-big-experiment,0.9965862065157534,0.6,Experiment-1,18a75a2d-data-2018-03-19-big-experiment
2,0.75,0.75,0.6388888888888888,4-18a75a2d-data-2018-03-19-big-experiment,0.9829540725450702,0.6,Experiment-1,18a75a2d-data-2018-03-19-big-experiment
3,0.25,0.45,0.3333333333333333,4-18a75a2d-data-2018-03-19-big-experiment,0.007648397776437493,0.4,Experiment-1,18a75a2d-data-2018-03-19-big-experiment
4,0.5,0.25,0.4722222222222222,4-18a75a2d-data-2018-03-19-big-experiment,0.30769230769230765,0.6,Experiment-1,18a75a2d-data-2018-03-19-big-experiment
5,0.5,0.65,0.5555555555555556,4-18a75a2d-data-2018-03-19-big-experiment,0.8350515463917525,0.6,Experiment-1,18a75a2d-data-2018-03-19-big-experiment
6,0.5,0.6,0.4722222222222222,4-18a75a2d-data-2018-03-19-big-experiment,0.30769230769230765,0.6,Experiment-1,18a75a2d-data-2018-03-19-big-experiment
7,0.25,0.3,0.5555555555555556,4-18a75a2d-data-2018-03-19-big-experiment,0.8350515463917525,0.6,Experiment-1,18a75a2d-data-2018-03-19-big-experiment
8,0.25,0.4,0.4444444444444444,5-18a75a2d-data-2018-03-19-big-experiment,0.16494845360824748,0.4,Experiment-1,18a75a2d-data-2018-03-19-big-experiment
9,0.5,0.4,0.6944444444444444,5-18a75a2d-data-2018-03-19-big-experiment,0.9965862065157534,0.6,Experiment-1,18a75a2d-data-2018-03-19-big-experiment
10,0.5,0.45,0.5277777777777778,5-18a75a2d-data-2018-03-19-big-experiment,0.6923076923076922,0.4,Experiment-1,18a75a2d-data-2018-03-19-big-experiment
11,0.75,0.55,0.5277777777777778,5-18a75a2d-data-2018-03-19-big-experiment,0.6923076923076922,0.6,Experiment-1,18a75a2d-data-2018-03-19-big-experiment
12,0.5,0.45,0.5555555555555556,5-18a75a2d-data-2018-03-19-big-experiment,0.8350515463917525,0.4,Experiment-1,18a75a2d-data-2018-03-19-big-experiment
13,0.25,0.4,0.7222222222222222,5-18a75a2d-data-2018-03-19-big-experiment,0.9984798754563001,0.6,Experiment-1,18a75a2d-data-2018-03-19-big-experiment
14,0.5,0.45,0.4722222222222222,5-18a75a2d-data-2018-03-19-big-experiment,0.30769230769230765,0.6,Experiment-1,18a75a2d-data-2018-03-19-big-experiment
15,0.75,0.65,0.6944444444444444,5-18a75a2d-data-2018-03-19-big-experiment,0.9965862065157534,0.6,Experiment-1,18a75a2d-data-2018-03-19-big-experiment
16,0.75,0.65,0.5833333333333334,6-18a75a2d-data-2018-03-19-big-experiment,0.9192938209331651,0.6,Experiment-1,18a75a2d-data-2018-03-19-big-experiment
17,0.0,0.4,0.3888888888888889,6-18a75a2d-data-2018-03-19-big-experiment,0.037553175883819886,0.4,Experiment-1,18a75a2d-data-2018-03-19-big-experiment
18,0.75,0.7,0.5555555555555556,6-18a75a2d-data-2018-03-19-big-experiment,0.8350515463917525,0.6,Experiment-1,18a75a2d-data-2018-03-19-big-experiment
19,0.5,0.55,0.6111111111111112,6-18a75a2d-data-2018-03-19-big-experiment,0.9624468241161801,0.6,Experiment-1,18a75a2d-data-2018-03-19-big-experiment
20,0.25,0.4,0.3611111111111111,6-18a75a2d-data-2018-03-19-big-experiment,0.017045927454929853,0.4,Experiment-1,18a75a2d-data-2018-03-19-big-experiment
21,0.5,0.4,0.5555555555555556,6-18a75a2d-data-2018-03-19-big-experiment,0.8350515463917525,0.6,Experiment-1,18a75a2d-data-2018-03-19-big-experiment
22,0.25,0.35,0.3611111111111111,6-18a75a2d-data-2018-03-19-big-experiment,0.017045927454929853,0.4,Experiment-1,18a75a2d-data-2018-03-19-big-experiment
23,0.75,0.6,0.6388888888888888,6-18a75a2d-data-2018-03-19-big-experiment,0.9829540725450702,0.6,Experiment-1,18a75a2d-data-2018-03-19-big-experiment
24,1.0,0.65,0.7222222222222222,7-18a75a2d-data-2018-03-19-big-experiment,0.9984798754563001,0.6,Experiment-1,18a75a2d-data-2018-03-19-big-experiment
25,0.25,0.35,0.4166666666666667,7-18a75a2d-data-2018-03-19-big-experiment,0.08070617906683486,0.4,Experiment-1,18a75a2d-data-2018-03-19-big-experiment
26,0.5,0.3,0.3888888888888889,7-18a75a2d-data-2018-03-19-big-experiment,0.037553175883819886,0.4,Experiment-1,18a75a2d-data-2018-03-19-big-experiment
27,1.0,0.7,0.4166666666666667,7-18a75a2d-data-2018-03-19-big-experiment,0.08070617906683486,0.4,Experiment-1,18a75a2d-data-2018-03-19-big-experiment
28,0.5,0.25,0.4166666666666667,7-18a75a2d-data-2018-03-19-big-experiment,0.08070617906683486,0.4,Experiment-1,18a75a2d-data-2018-03-19-big-experiment
29,0.5,0.2,0.3333333333333333,7-18a75a2d-data-2018-03-19-big-experiment,0.007648397776437493,0.6,Experiment-1,18a75a2d-data-2018-03-19-big-experiment
30,0.25,0.25,0.3333333333333333,7-18a75a2d-data-2018-03-19-big-experiment,0.007648397776437493,0.4,Experiment-1,18a75a2d-data-2018-03-19-big-experiment
31,0.5,0.5,0.25,7-18a75a2d-data-2018-03-19-big-experiment,0.0006761819531905637,0.4,Experiment-1,18a75a2d-data-2018-03-19-big-experiment
0,0.0,0.45,0.4444444444444444,4-6b2b35f0-rounds-10-evidence-1-bit-experiment,0.4,0.6,Experiment-2,6b2b35f0-rounds-10-evidence-1-bit-experiment
1,0.0,0.3,0.4444444444444444,4-6b2b35f0-rounds-10-evidence-1-bit-experiment,0.4,0.4,Experiment-2,6b2b35f0-rounds-10-evidence-1-bit-experiment
2,0.0,0.3,0.5555555555555556,4-6b2b35f0-rounds-10-evidence-1-bit-experiment,0.5999999999999999,0.6,Experiment-2,6b2b35f0-rounds-10-evidence-1-bit-experiment
3,0.0,0.45,0.3333333333333333,4-6b2b35f0-rounds-10-evidence-1-bit-experiment,0.22857142857142862,0.4,Experiment-2,6b2b35f0-rounds-10-evidence-1-bit-experiment
4,1.0,0.75,0.5555555555555556,4-6b2b35f0-rounds-10-evidence-1-bit-experiment,0.5999999999999999,0.6,Experiment-2,6b2b35f0-rounds-10-evidence-1-bit-experiment
5,0.0,0.4,0.4444444444444444,4-6b2b35f0-rounds-10-evidence-1-bit-experiment,0.4,0.4,Experiment-2,6b2b35f0-rounds-10-evidence-1-bit-experiment
6,0.0,0.5,0.6666666666666666,4-6b2b35f0-rounds-10-evidence-1-bit-experiment,0.7714285714285715,0.6,Experiment-2,6b2b35f0-rounds-10-evidence-1-bit-experiment
7,1.0,0.65,0.6666666666666666,4-6b2b35f0-rounds-10-evidence-1-bit-experiment,0.7714285714285715,0.6,Experiment-2,6b2b35f0-rounds-10-evidence-1-bit-experiment
8,1.0,0.45,0.5555555555555556,5-6b2b35f0-rounds-10-evidence-1-bit-experiment,0.5999999999999999,0.6,Experiment-2,6b2b35f0-rounds-10-evidence-1-bit-experiment
9,0.0,0.3,0.3333333333333333,5-6b2b35f0-rounds-10-evidence-1-bit-experiment,0.22857142857142862,0.4,Experiment-2,6b2b35f0-rounds-10-evidence-1-bit-experiment
10,1.0,0.6,0.1111111111111111,5-6b2b35f0-rounds-10-evidence-1-bit-experiment,0.05529157667386614,0.4,Experiment-2,6b2b35f0-rounds-10-evidence-1-bit-experiment
11,1.0,0.4,0.6666666666666666,5-6b2b35f0-rounds-10-evidence-1-bit-experiment,0.7714285714285715,0.6,Experiment-2,6b2b35f0-rounds-10-evidence-1-bit-experiment
12,1.0,0.65,0.7777777777777778,5-6b2b35f0-rounds-10-evidence-1-bit-experiment,0.8836363636363637,0.6,Experiment-2,6b2b35f0-rounds-10-evidence-1-bit-experiment
13,1.0,0.8,0.6666666666666666,5-6b2b35f0-rounds-10-evidence-1-bit-experiment,0.7714285714285715,0.4,Experiment-2,6b2b35f0-rounds-10-evidence-1-bit-experiment
14,0.0,0.35,0.5555555555555556,5-6b2b35f0-rounds-10-evidence-1-bit-experiment,0.5999999999999999,0.6,Experiment-2,6b2b35f0-rounds-10-evidence-1-bit-experiment
15,0.0,0.3,0.3333333333333333,5-6b2b35f0-rounds-10-evidence-1-bit-experiment,0.22857142857142862,0.4,Experiment-2,6b2b35f0-rounds-10-evidence-1-bit-experiment
16,1.0,0.6,0.6666666666666666,6-6b2b35f0-rounds-10-evidence-1-bit-experiment,0.7714285714285715,0.6,Experiment-2,6b2b35f0-rounds-10-evidence-1-bit-experiment
17,0.0,0.3,0.8888888888888888,6-6b2b35f0-rounds-10-evidence-1-bit-experiment,0.9447084233261339,0.6,Experiment-2,6b2b35f0-rounds-10-evidence-1-bit-experiment
18,1.0,0.45,0.5555555555555556,6-6b2b35f0-rounds-10-evidence-1-bit-experiment,0.5999999999999999,0.6,Experiment-2,6b2b35f0-rounds-10-evidence-1-bit-experiment
19,0.0,0.45,0.3333333333333333,6-6b2b35f0-rounds-10-evidence-1-bit-experiment,0.22857142857142862,0.4,Experiment-2,6b2b35f0-rounds-10-evidence-1-bit-experiment
20,1.0,0.6,0.4444444444444444,6-6b2b35f0-rounds-10-evidence-1-bit-experiment,0.4,0.4,Experiment-2,6b2b35f0-rounds-10-evidence-1-bit-experiment
21,1.0,0.65,0.6666666666666666,6-6b2b35f0-rounds-10-evidence-1-bit-experiment,0.7714285714285715,0.6,Experiment-2,6b2b35f0-rounds-10-evidence-1-bit-experiment
22,0.0,0.2,0.3333333333333333,6-6b2b35f0-rounds-10-evidence-1-bit-experiment,0.22857142857142862,0.4,Experiment-2,6b2b35f0-rounds-10-evidence-1-bit-experiment
23,1.0,0.45,0.5555555555555556,6-6b2b35f0-rounds-10-evidence-1-bit-experiment,0.5999999999999999,0.4,Experiment-2,6b2b35f0-rounds-10-evidence-1-bit-experiment
24,0.0,0.4,0.4444444444444444,7-6b2b35f0-rounds-10-evidence-1-bit-experiment,0.4,0.6,Experiment-2,6b2b35f0-rounds-10-evidence-1-bit-experiment
25,1.0,0.6,1.0,7-6b2b35f0-rounds-10-evidence-1-bit-experiment,0.9746471898984896,0.6,Experiment-2,6b2b35f0-rounds-10-evidence-1-bit-experiment
26,0.0,0.35,0.5555555555555556,7-6b2b35f0-rounds-10-evidence-1-bit-experiment,0.5999999999999999,0.4,Experiment-2,6b2b35f0-rounds-10-evidence-1-bit-experiment
27,1.0,0.6,0.7777777777777778,7-6b2b35f0-rounds-10-evidence-1-bit-experiment,0.8836363636363637,0.4,Experiment-2,6b2b35f0-rounds-10-evidence-1-bit-experiment
28,0.0,0.25,0.3333333333333333,7-6b2b35f0-rounds-10-evidence-1-bit-experiment,0.22857142857142862,0.4,Experiment-2,6b2b35f0-rounds-10-evidence-1-bit-experiment
29,1.0,0.6,0.6666666666666666,7-6b2b35f0-rounds-10-evidence-1-bit-experiment,0.7714285714285715,0.6,Experiment-2,6b2b35f0-rounds-10-evidence-1-bit-experiment
30,1.0,0.6,0.5555555555555556,7-6b2b35f0-rounds-10-evidence-1-bit-experiment,0.5999999999999999,0.4,Experiment-2,6b2b35f0-rounds-10-evidence-1-bit-experiment
31,1.0,0.5,0.7777777777777778,7-6b2b35f0-rounds-10-evidence-1-bit-experiment,0.8836363636363637,0.6,Experiment-2,6b2b35f0-rounds-10-evidence-1-bit-experiment
0,0.75,0.45,0.9166666666666666,4-095ddcbc-rounds-10-evidence-4-big-experiment-high-prob,1.0,0.8,Experiment-3,095ddcbc-rounds-10-evidence-4-big-experiment-high-prob
1,0.25,0.3,0.19444444444444445,4-095ddcbc-rounds-10-evidence-4-big-experiment-high-prob,5.6843418860804437e-14,0.2,Experiment-3,095ddcbc-rounds-10-evidence-4-big-experiment-high-prob
2,0.75,0.55,0.16666666666666666,4-095ddcbc-rounds-10-evidence-4-big-experiment-high-prob,3.5527136788004646e-15,0.2,Experiment-3,095ddcbc-rounds-10-evidence-4-big-experiment-high-prob
3,1.0,0.5,0.7222222222222222,4-095ddcbc-rounds-10-evidence-4-big-experiment-high-prob,0.9999999997671692,0.8,Experiment-3,095ddcbc-rounds-10-evidence-4-big-experiment-high-prob
4,1.0,0.65,0.8611111111111112,4-095ddcbc-rounds-10-evidence-4-big-experiment-high-prob,0.9999999999999998,0.8,Experiment-3,095ddcbc-rounds-10-evidence-4-big-experiment-high-prob
5,0.75,0.55,0.7777777777777778,4-095ddcbc-rounds-10-evidence-4-big-experiment-high-prob,0.9999999999990904,0.8,Experiment-3,095ddcbc-rounds-10-evidence-4-big-experiment-high-prob
6,0.25,0.5,0.3333333333333333,4-095ddcbc-rounds-10-evidence-4-big-experiment-high-prob,5.960464122267695e-08,0.2,Experiment-3,095ddcbc-rounds-10-evidence-4-big-experiment-high-prob
7,0.75,0.5,0.6666666666666666,4-095ddcbc-rounds-10-evidence-4-big-experiment-high-prob,0.9999999403953588,0.8,Experiment-3,095ddcbc-rounds-10-evidence-4-big-experiment-high-prob
8,0.75,0.45,0.7222222222222222,5-095ddcbc-rounds-10-evidence-4-big-experiment-high-prob,0.9999999997671692,0.8,Experiment-3,095ddcbc-rounds-10-evidence-4-big-experiment-high-prob
9,0.25,0.3,0.19444444444444445,5-095ddcbc-rounds-10-evidence-4-big-experiment-high-prob,5.6843418860804437e-14,0.2,Experiment-3,095ddcbc-rounds-10-evidence-4-big-experiment-high-prob
10,0.5,0.4,0.3611111111111111,5-095ddcbc-rounds-10-evidence-4-big-experiment-high-prob,9.536734069124128e-07,0.2,Experiment-3,095ddcbc-rounds-10-evidence-4-big-experiment-high-prob
11,0.0,0.4,0.3055555555555556,5-095ddcbc-rounds-10-evidence-4-big-experiment-high-prob,3.7252902845841114e-09,0.2,Experiment-3,095ddcbc-rounds-10-evidence-4-big-experiment-high-prob
12,0.25,0.35,0.3055555555555556,5-095ddcbc-rounds-10-evidence-4-big-experiment-high-prob,3.7252902845841114e-09,0.2,Experiment-3,095ddcbc-rounds-10-evidence-4-big-experiment-high-prob
13,0.75,0.65,0.7222222222222222,5-095ddcbc-rounds-10-evidence-4-big-experiment-high-prob,0.9999999997671692,0.8,Experiment-3,095ddcbc-rounds-10-evidence-4-big-experiment-high-prob
14,1.0,0.75,0.75,5-095ddcbc-rounds-10-evidence-4-big-experiment-high-prob,0.9999999999854481,0.8,Experiment-3,095ddcbc-rounds-10-evidence-4-big-experiment-high-prob
15,0.0,0.35,0.2222222222222222,5-095ddcbc-rounds-10-evidence-4-big-experiment-high-prob,9.09494701772096e-13,0.2,Experiment-3,095ddcbc-rounds-10-evidence-4-big-experiment-high-prob
16,0.25,0.3,0.08333333333333333,6-095ddcbc-rounds-10-evidence-4-big-experiment-high-prob,8.673617379883964e-19,0.2,Experiment-3,095ddcbc-rounds-10-evidence-4-big-experiment-high-prob
17,1.0,0.7,0.8333333333333334,6-095ddcbc-rounds-10-evidence-4-big-experiment-high-prob,0.9999999999999964,0.8,Experiment-3,095ddcbc-rounds-10-evidence-4-big-experiment-high-prob
18,0.0,0.4,0.16666666666666666,6-095ddcbc-rounds-10-evidence-4-big-experiment-high-prob,3.5527136788004646e-15,0.2,Experiment-3,095ddcbc-rounds-10-evidence-4-big-experiment-high-prob
19,0.75,0.4,0.75,6-095ddcbc-rounds-10-evidence-4-big-experiment-high-prob,0.9999999999854481,0.8,Experiment-3,095ddcbc-rounds-10-evidence-4-big-experiment-high-prob
20,1.0,0.55,0.7777777777777778,6-095ddcbc-rounds-10-evidence-4-big-experiment-high-prob,0.9999999999990904,0.8,Experiment-3,095ddcbc-rounds-10-evidence-4-big-experiment-high-prob
21,0.5,0.4,0.8333333333333334,6-095ddcbc-rounds-10-evidence-4-big-experiment-high-prob,0.9999999999999964,0.8,Experiment-3,095ddcbc-rounds-10-evidence-4-big-experiment-high-prob
22,0.25,0.3,0.2222222222222222,6-095ddcbc-rounds-10-evidence-4-big-experiment-high-prob,9.09494701772096e-13,0.2,Experiment-3,095ddcbc-rounds-10-evidence-4-big-experiment-high-prob
23,1.0,0.8,0.8611111111111112,6-095ddcbc-rounds-10-evidence-4-big-experiment-high-prob,0.9999999999999998,0.8,Experiment-3,095ddcbc-rounds-10-evidence-4-big-experiment-high-prob
24,1.0,0.7,0.8055555555555556,7-095ddcbc-rounds-10-evidence-4-big-experiment-high-prob,0.9999999999999432,0.8,Experiment-3,095ddcbc-rounds-10-evidence-4-big-experiment-high-prob
25,0.75,0.65,0.8611111111111112,7-095ddcbc-rounds-10-evidence-4-big-experiment-high-prob,0.9999999999999998,0.8,Experiment-3,095ddcbc-rounds-10-evidence-4-big-experiment-high-prob
26,0.75,0.5,0.8611111111111112,7-095ddcbc-rounds-10-evidence-4-big-experiment-high-prob,0.9999999999999998,0.8,Experiment-3,095ddcbc-rounds-10-evidence-4-big-experiment-high-prob
27,0.0,0.3,0.1388888888888889,7-095ddcbc-rounds-10-evidence-4-big-experiment-high-prob,2.2204460492502968e-16,0.2,Experiment-3,095ddcbc-rounds-10-evidence-4-big-experiment-high-prob
28,0.25,0.3,0.2222222222222222,7-095ddcbc-rounds-10-evidence-4-big-experiment-high-prob,9.09494701772096e-13,0.2,Experiment-3,095ddcbc-rounds-10-evidence-4-big-experiment-high-prob
29,0.5,0.4,0.16666666666666666,7-095ddcbc-rounds-10-evidence-4-big-experiment-high-prob,3.5527136788004646e-15,0.2,Experiment-3,095ddcbc-rounds-10-evidence-4-big-experiment-high-prob
30,0.5,0.35,0.7777777777777778,7-095ddcbc-rounds-10-evidence-4-big-experiment-high-prob,0.9999999999990904,0.8,Experiment-3,095ddcbc-rounds-10-evidence-4-big-experiment-high-prob
31,0.0,0.25,0.2777777777777778,7-095ddcbc-rounds-10-evidence-4-big-experiment-high-prob,2.3283064359965846e-10,0.2,Experiment-3,095ddcbc-rounds-10-evidence-4-big-experiment-high-prob
0,0.25,0.0,0.4722222222222222,4-b7d0390f-rounds-10-evidence-4-population-5,0.30769230769230765,0.4,Experiment-4,b7d0390f-rounds-10-evidence-4-population-5
1,0.5,0.4,0.4444444444444444,4-b7d0390f-rounds-10-evidence-4-population-5,0.16494845360824748,0.4,Experiment-4,b7d0390f-rounds-10-evidence-4-population-5
2,0.75,0.6,0.6666666666666666,4-b7d0390f-rounds-10-evidence-4-population-5,0.9923516022235626,0.6,Experiment-4,b7d0390f-rounds-10-evidence-4-population-5
3,0.5,0.6,0.6111111111111112,4-b7d0390f-rounds-10-evidence-4-population-5,0.9624468241161801,0.6,Experiment-4,b7d0390f-rounds-10-evidence-4-population-5
4,0.75,0.6,0.7222222222222222,4-b7d0390f-rounds-10-evidence-4-population-5,0.9984798754563001,0.6,Experiment-4,b7d0390f-rounds-10-evidence-4-population-5
5,0.75,0.4,0.5277777777777778,4-b7d0390f-rounds-10-evidence-4-population-5,0.6923076923076922,0.4,Experiment-4,b7d0390f-rounds-10-evidence-4-population-5
6,0.25,0.4,0.5833333333333334,4-b7d0390f-rounds-10-evidence-4-population-5,0.9192938209331651,0.6,Experiment-4,b7d0390f-rounds-10-evidence-4-population-5
7,0.5,0.0,0.4166666666666667,4-b7d0390f-rounds-10-evidence-4-population-5,0.08070617906683486,0.4,Experiment-4,b7d0390f-rounds-10-evidence-4-population-5
8,0.5,0.4,0.3611111111111111,5-b7d0390f-rounds-10-evidence-4-population-5,0.017045927454929853,0.4,Experiment-4,b7d0390f-rounds-10-evidence-4-population-5
9,0.5,0.0,0.5,5-b7d0390f-rounds-10-evidence-4-population-5,0.5,0.4,Experiment-4,b7d0390f-rounds-10-evidence-4-population-5
10,0.75,0.4,0.3888888888888889,5-b7d0390f-rounds-10-evidence-4-population-5,0.037553175883819886,0.4,Experiment-4,b7d0390f-rounds-10-evidence-4-population-5
11,0.25,0.0,0.6666666666666666,5-b7d0390f-rounds-10-evidence-4-population-5,0.9923516022235626,0.6,Experiment-4,b7d0390f-rounds-10-evidence-4-population-5
12,0.75,0.6,0.5555555555555556,5-b7d0390f-rounds-10-evidence-4-population-5,0.8350515463917525,0.6,Experiment-4,b7d0390f-rounds-10-evidence-4-population-5
13,0.75,0.4,0.5833333333333334,5-b7d0390f-rounds-10-evidence-4-population-5,0.9192938209331651,0.6,Experiment-4,b7d0390f-rounds-10-evidence-4-population-5
14,0.5,0.6,0.6111111111111112,5-b7d0390f-rounds-10-evidence-4-population-5,0.9624468241161801,0.6,Experiment-4,b7d0390f-rounds-10-evidence-4-population-5
15,0.25,0.0,0.3888888888888889,5-b7d0390f-rounds-10-evidence-4-population-5,0.037553175883819886,0.4,Experiment-4,b7d0390f-rounds-10-evidence-4-population-5
16,0.5,0.4,0.5277777777777778,6-b7d0390f-rounds-10-evidence-4-population-5,0.6923076923076922,0.4,Experiment-4,b7d0390f-rounds-10-evidence-4-population-5
17,0.75,0.2,0.5,6-b7d0390f-rounds-10-evidence-4-population-5,0.5,0.6,Experiment-4,b7d0390f-rounds-10-evidence-4-population-5
18,0.75,0.6,0.4444444444444444,6-b7d0390f-rounds-10-evidence-4-population-5,0.16494845360824748,0.4,Experiment-4,b7d0390f-rounds-10-evidence-4-population-5
19,0.75,0.6,0.5555555555555556,6-b7d0390f-rounds-10-evidence-4-population-5,0.8350515463917525,0.6,Experiment-4,b7d0390f-rounds-10-evidence-4-population-5
20,0.5,0.4,0.3333333333333333,6-b7d0390f-rounds-10-evidence-4-population-5,0.007648397776437493,0.4,Experiment-4,b7d0390f-rounds-10-evidence-4-population-5
21,0.75,0.6,0.7222222222222222,6-b7d0390f-rounds-10-evidence-4-population-5,0.9984798754563001,0.6,Experiment-4,b7d0390f-rounds-10-evidence-4-population-5
22,0.25,0.0,0.3611111111111111,6-b7d0390f-rounds-10-evidence-4-population-5,0.017045927454929853,0.4,Experiment-4,b7d0390f-rounds-10-evidence-4-population-5
23,0.5,0.2,0.5555555555555556,6-b7d0390f-rounds-10-evidence-4-population-5,0.8350515463917525,0.6,Experiment-4,b7d0390f-rounds-10-evidence-4-population-5
24,0.5,0.4,0.5277777777777778,7-b7d0390f-rounds-10-evidence-4-population-5,0.6923076923076922,0.6,Experiment-4,b7d0390f-rounds-10-evidence-4-population-5
25,0.25,0.2,0.4444444444444444,7-b7d0390f-rounds-10-evidence-4-population-5,0.16494845360824748,0.4,Experiment-4,b7d0390f-rounds-10-evidence-4-population-5
26,0.25,0.2,0.3888888888888889,7-b7d0390f-rounds-10-evidence-4-population-5,0.037553175883819886,0.4,Experiment-4,b7d0390f-rounds-10-evidence-4-population-5
27,0.0,0.8,0.2777777777777778,7-b7d0390f-rounds-10-evidence-4-population-5,0.0015201245436999528,0.4,Experiment-4,b7d0390f-rounds-10-evidence-4-population-5
28,0.75,0.2,0.5833333333333334,7-b7d0390f-rounds-10-evidence-4-population-5,0.9192938209331651,0.6,Experiment-4,b7d0390f-rounds-10-evidence-4-population-5
29,0.0,0.2,0.3611111111111111,7-b7d0390f-rounds-10-evidence-4-population-5,0.017045927454929853,0.4,Experiment-4,b7d0390f-rounds-10-evidence-4-population-5
30,0.5,0.2,0.6944444444444444,7-b7d0390f-rounds-10-evidence-4-population-5,0.9965862065157534,0.6,Experiment-4,b7d0390f-rounds-10-evidence-4-population-5
31,0.5,0.6,0.5,7-b7d0390f-rounds-10-evidence-4-population-5,0.5,0.4,Experiment-4,b7d0390f-rounds-10-evidence-4-population-5
0,0.25,0.8,0.4444444444444444,4-abf00068-rounds-10-evidence-4-population-5,0.16494845360824748,0.4,Experiment-4,abf00068-rounds-10-evidence-4-population-5
1,0.5,0.0,0.3333333333333333,4-abf00068-rounds-10-evidence-4-population-5,0.007648397776437493,0.4,Experiment-4,abf00068-rounds-10-evidence-4-population-5
2,0.75,0.8,0.6111111111111112,4-abf00068-rounds-10-evidence-4-population-5,0.9624468241161801,0.6,Experiment-4,abf00068-rounds-10-evidence-4-population-5
3,0.5,0.2,0.4166666666666667,4-abf00068-rounds-10-evidence-4-population-5,0.08070617906683486,0.4,Experiment-4,abf00068-rounds-10-evidence-4-population-5
4,0.5,0.2,0.4722222222222222,4-abf00068-rounds-10-evidence-4-population-5,0.30769230769230765,0.4,Experiment-4,abf00068-rounds-10-evidence-4-population-5
5,0.5,0.6,0.6111111111111112,4-abf00068-rounds-10-evidence-4-population-5,0.9624468241161801,0.6,Experiment-4,abf00068-rounds-10-evidence-4-population-5
6,0.25,0.2,0.3888888888888889,4-abf00068-rounds-10-evidence-4-population-5,0.037553175883819886,0.4,Experiment-4,abf00068-rounds-10-evidence-4-population-5
7,0.5,0.6,0.6111111111111112,4-abf00068-rounds-10-evidence-4-population-5,0.9624468241161801,0.6,Experiment-4,abf00068-rounds-10-evidence-4-population-5
8,0.75,0.6,0.5277777777777778,5-abf00068-rounds-10-evidence-4-population-5,0.6923076923076922,0.4,Experiment-4,abf00068-rounds-10-evidence-4-population-5
9,0.5,0.2,0.3333333333333333,5-abf00068-rounds-10-evidence-4-population-5,0.007648397776437493,0.4,Experiment-4,abf00068-rounds-10-evidence-4-population-5
10,0.75,0.8,0.6944444444444444,5-abf00068-rounds-10-evidence-4-population-5,0.9965862065157534,0.6,Experiment-4,abf00068-rounds-10-evidence-4-population-5
11,0.0,0.4,0.3333333333333333,5-abf00068-rounds-10-evidence-4-population-5,0.007648397776437493,0.4,Experiment-4,abf00068-rounds-10-evidence-4-population-5
12,0.0,0.4,0.3333333333333333,5-abf00068-rounds-10-evidence-4-population-5,0.007648397776437493,0.4,Experiment-4,abf00068-rounds-10-evidence-4-population-5
13,0.75,0.6,0.6111111111111112,5-abf00068-rounds-10-evidence-4-population-5,0.9624468241161801,0.6,Experiment-4,abf00068-rounds-10-evidence-4-population-5
14,0.0,0.0,0.3611111111111111,5-abf00068-rounds-10-evidence-4-population-5,0.017045927454929853,0.4,Experiment-4,abf00068-rounds-10-evidence-4-population-5
15,0.75,0.6,0.3611111111111111,5-abf00068-rounds-10-evidence-4-population-5,0.017045927454929853,0.4,Experiment-4,abf00068-rounds-10-evidence-4-population-5
16,0.5,0.6,0.3333333333333333,6-abf00068-rounds-10-evidence-4-population-5,0.007648397776437493,0.4,Experiment-4,abf00068-rounds-10-evidence-4-population-5
17,0.5,0.8,0.5277777777777778,6-abf00068-rounds-10-evidence-4-population-5,0.6923076923076922,0.4,Experiment-4,abf00068-rounds-10-evidence-4-population-5
18,0.5,0.8,0.4166666666666667,6-abf00068-rounds-10-evidence-4-population-5,0.08070617906683486,0.4,Experiment-4,abf00068-rounds-10-evidence-4-population-5
19,0.5,0.6,0.5,6-abf00068-rounds-10-evidence-4-population-5,0.5,0.6,Experiment-4,abf00068-rounds-10-evidence-4-population-5
20,0.5,0.4,0.5833333333333334,6-abf00068-rounds-10-evidence-4-population-5,0.9192938209331651,0.6,Experiment-4,abf00068-rounds-10-evidence-4-population-5
21,0.75,0.8,0.4722222222222222,6-abf00068-rounds-10-evidence-4-population-5,0.30769230769230765,0.4,Experiment-4,abf00068-rounds-10-evidence-4-population-5
22,0.5,0.6,0.6111111111111112,6-abf00068-rounds-10-evidence-4-population-5,0.9624468241161801,0.6,Experiment-4,abf00068-rounds-10-evidence-4-population-5
23,0.25,0.8,0.4722222222222222,6-abf00068-rounds-10-evidence-4-population-5,0.30769230769230765,0.4,Experiment-4,abf00068-rounds-10-evidence-4-population-5
24,1.0,0.6,0.5833333333333334,7-abf00068-rounds-10-evidence-4-population-5,0.9192938209331651,0.6,Experiment-4,abf00068-rounds-10-evidence-4-population-5
25,0.75,0.4,0.4444444444444444,7-abf00068-rounds-10-evidence-4-population-5,0.16494845360824748,0.6,Experiment-4,abf00068-rounds-10-evidence-4-population-5
26,0.25,0.2,0.2777777777777778,7-abf00068-rounds-10-evidence-4-population-5,0.0015201245436999528,0.4,Experiment-4,abf00068-rounds-10-evidence-4-population-5
27,0.5,0.4,0.6666666666666666,7-abf00068-rounds-10-evidence-4-population-5,0.9923516022235626,0.6,Experiment-4,abf00068-rounds-10-evidence-4-population-5
28,0.75,0.8,0.75,7-abf00068-rounds-10-evidence-4-population-5,0.9993238180468095,0.6,Experiment-4,abf00068-rounds-10-evidence-4-population-5
29,0.25,0.2,0.2777777777777778,7-abf00068-rounds-10-evidence-4-population-5,0.0015201245436999528,0.4,Experiment-4,abf00068-rounds-10-evidence-4-population-5
30,1.0,1.0,0.7777777777777778,7-abf00068-rounds-10-evidence-4-population-5,0.999699361750716,0.6,Experiment-4,abf00068-rounds-10-evidence-4-population-5
31,0.75,0.8,0.4722222222222222,7-abf00068-rounds-10-evidence-4-population-5,0.30769230769230765,0.4,Experiment-4,abf00068-rounds-10-evidence-4-population-5
0,1.0,0.6,0.5555555555555556,4-70f80fdf-rounds-10-evidence-1-population-5,0.5999999999999999,0.4,Experiment-5,70f80fdf-rounds-10-evidence-1-population-5
1,1.0,0.4,0.7777777777777778,4-70f80fdf-rounds-10-evidence-1-population-5,0.8836363636363637,0.6,Experiment-5,70f80fdf-rounds-10-evidence-1-population-5
2,0.0,0.6,0.4444444444444444,4-70f80fdf-rounds-10-evidence-1-population-5,0.4,0.6,Experiment-5,70f80fdf-rounds-10-evidence-1-population-5
3,1.0,0.4,0.6666666666666666,4-70f80fdf-rounds-10-evidence-1-population-5,0.7714285714285715,0.6,Experiment-5,70f80fdf-rounds-10-evidence-1-population-5
4,0.0,0.4,0.4444444444444444,4-70f80fdf-rounds-10-evidence-1-population-5,0.4,0.6,Experiment-5,70f80fdf-rounds-10-evidence-1-population-5
5,1.0,0.6,0.4444444444444444,4-70f80fdf-rounds-10-evidence-1-population-5,0.4,0.4,Experiment-5,70f80fdf-rounds-10-evidence-1-population-5
6,1.0,0.8,0.4444444444444444,4-70f80fdf-rounds-10-evidence-1-population-5,0.4,0.4,Experiment-5,70f80fdf-rounds-10-evidence-1-population-5
7,1.0,0.6,0.5555555555555556,4-70f80fdf-rounds-10-evidence-1-population-5,0.5999999999999999,0.4,Experiment-5,70f80fdf-rounds-10-evidence-1-population-5
8,1.0,0.8,0.4444444444444444,5-70f80fdf-rounds-10-evidence-1-population-5,0.4,0.4,Experiment-5,70f80fdf-rounds-10-evidence-1-population-5
9,0.0,0.2,0.4444444444444444,5-70f80fdf-rounds-10-evidence-1-population-5,0.4,0.6,Experiment-5,70f80fdf-rounds-10-evidence-1-population-5
10,0.0,0.6,0.7777777777777778,5-70f80fdf-rounds-10-evidence-1-population-5,0.8836363636363637,0.6,Experiment-5,70f80fdf-rounds-10-evidence-1-population-5
11,0.0,0.6,0.1111111111111111,5-70f80fdf-rounds-10-evidence-1-population-5,0.05529157667386614,0.4,Experiment-5,70f80fdf-rounds-10-evidence-1-population-5
12,0.0,0.6,0.5555555555555556,5-70f80fdf-rounds-10-evidence-1-population-5,0.5999999999999999,0.4,Experiment-5,70f80fdf-rounds-10-evidence-1-population-5
13,1.0,0.6,0.5555555555555556,5-70f80fdf-rounds-10-evidence-1-population-5,0.5999999999999999,0.6,Experiment-5,70f80fdf-rounds-10-evidence-1-population-5
14,0.0,0.0,0.6666666666666666,5-70f80fdf-rounds-10-evidence-1-population-5,0.7714285714285715,0.4,Experiment-5,70f80fdf-rounds-10-evidence-1-population-5
15,1.0,0.2,0.6666666666666666,5-70f80fdf-rounds-10-evidence-1-population-5,0.7714285714285715,0.6,Experiment-5,70f80fdf-rounds-10-evidence-1-population-5
16,1.0,0.4,0.2222222222222222,6-70f80fdf-rounds-10-evidence-1-population-5,0.1163636363636364,0.4,Experiment-5,70f80fdf-rounds-10-evidence-1-population-5
17,1.0,0.8,0.4444444444444444,6-70f80fdf-rounds-10-evidence-1-population-5,0.4,0.4,Experiment-5,70f80fdf-rounds-10-evidence-1-population-5
18,0.0,0.2,0.4444444444444444,6-70f80fdf-rounds-10-evidence-1-population-5,0.4,0.4,Experiment-5,70f80fdf-rounds-10-evidence-1-population-5
19,0.0,0.2,0.3333333333333333,6-70f80fdf-rounds-10-evidence-1-population-5,0.22857142857142862,0.4,Experiment-5,70f80fdf-rounds-10-evidence-1-population-5
20,1.0,0.6,0.3333333333333333,6-70f80fdf-rounds-10-evidence-1-population-5,0.22857142857142862,0.6,Experiment-5,70f80fdf-rounds-10-evidence-1-population-5
21,1.0,0.6,0.4444444444444444,6-70f80fdf-rounds-10-evidence-1-population-5,0.4,0.4,Experiment-5,70f80fdf-rounds-10-evidence-1-population-5
22,1.0,1.0,0.4444444444444444,6-70f80fdf-rounds-10-evidence-1-population-5,0.4,0.4,Experiment-5,70f80fdf-rounds-10-evidence-1-population-5
23,0.0,0.4,0.6666666666666666,6-70f80fdf-rounds-10-evidence-1-population-5,0.7714285714285715,0.6,Experiment-5,70f80fdf-rounds-10-evidence-1-population-5
24,1.0,0.4,0.8888888888888888,7-70f80fdf-rounds-10-evidence-1-population-5,0.9447084233261339,0.6,Experiment-5,70f80fdf-rounds-10-evidence-1-population-5
25,1.0,0.8,0.8888888888888888,7-70f80fdf-rounds-10-evidence-1-population-5,0.9447084233261339,0.6,Experiment-5,70f80fdf-rounds-10-evidence-1-population-5
26,1.0,0.6,0.3333333333333333,7-70f80fdf-rounds-10-evidence-1-population-5,0.22857142857142862,0.6,Experiment-5,70f80fdf-rounds-10-evidence-1-population-5
27,0.0,0.2,0.5555555555555556,7-70f80fdf-rounds-10-evidence-1-population-5,0.5999999999999999,0.4,Experiment-5,70f80fdf-rounds-10-evidence-1-population-5
28,1.0,0.8,0.5555555555555556,7-70f80fdf-rounds-10-evidence-1-population-5,0.5999999999999999,0.4,Experiment-5,70f80fdf-rounds-10-evidence-1-population-5
29,1.0,0.8,0.6666666666666666,7-70f80fdf-rounds-10-evidence-1-population-5,0.7714285714285715,0.6,Experiment-5,70f80fdf-rounds-10-evidence-1-population-5
30,1.0,0.8,0.6666666666666666,7-70f80fdf-rounds-10-evidence-1-population-5,0.7714285714285715,0.6,Experiment-5,70f80fdf-rounds-10-evidence-1-population-5
31,0.0,0.4,0.6666666666666666,7-70f80fdf-rounds-10-evidence-1-population-5,0.7714285714285715,0.4,Experiment-5,70f80fdf-rounds-10-evidence-1-population-5
0,0.0,0.8,0.5555555555555556,4-d9145d2a-rounds-10-evidence-1-population-5,0.5999999999999999,0.4,Experiment-5,d9145d2a-rounds-10-evidence-1-population-5
1,1.0,0.8,0.5555555555555556,4-d9145d2a-rounds-10-evidence-1-population-5,0.5999999999999999,0.4,Experiment-5,d9145d2a-rounds-10-evidence-1-population-5
2,1.0,1.0,0.3333333333333333,4-d9145d2a-rounds-10-evidence-1-population-5,0.22857142857142862,0.4,Experiment-5,d9145d2a-rounds-10-evidence-1-population-5
3,1.0,0.8,0.6666666666666666,4-d9145d2a-rounds-10-evidence-1-population-5,0.7714285714285715,0.6,Experiment-5,d9145d2a-rounds-10-evidence-1-population-5
4,0.0,0.8,0.4444444444444444,4-d9145d2a-rounds-10-evidence-1-population-5,0.4,0.4,Experiment-5,d9145d2a-rounds-10-evidence-1-population-5
5,0.0,0.8,0.4444444444444444,4-d9145d2a-rounds-10-evidence-1-population-5,0.4,0.4,Experiment-5,d9145d2a-rounds-10-evidence-1-population-5
6,0.0,0.6,0.3333333333333333,4-d9145d2a-rounds-10-evidence-1-population-5,0.22857142857142862,0.6,Experiment-5,d9145d2a-rounds-10-evidence-1-population-5
7,0.0,0.6,0.4444444444444444,4-d9145d2a-rounds-10-evidence-1-population-5,0.4,0.6,Experiment-5,d9145d2a-rounds-10-evidence-1-population-5
8,1.0,0.4,0.4444444444444444,5-d9145d2a-rounds-10-evidence-1-population-5,0.4,0.4,Experiment-5,d9145d2a-rounds-10-evidence-1-population-5
9,0.0,0.6,0.4444444444444444,5-d9145d2a-rounds-10-evidence-1-population-5,0.4,0.6,Experiment-5,d9145d2a-rounds-10-evidence-1-population-5
10,1.0,0.8,0.3333333333333333,5-d9145d2a-rounds-10-evidence-1-population-5,0.22857142857142862,0.6,Experiment-5,d9145d2a-rounds-10-evidence-1-population-5
11,1.0,0.8,0.5555555555555556,5-d9145d2a-rounds-10-evidence-1-population-5,0.5999999999999999,0.4,Experiment-5,d9145d2a-rounds-10-evidence-1-population-5
12,0.0,0.4,0.1111111111111111,5-d9145d2a-rounds-10-evidence-1-population-5,0.05529157667386614,0.4,Experiment-5,d9145d2a-rounds-10-evidence-1-population-5
13,1.0,0.8,0.4444444444444444,5-d9145d2a-rounds-10-evidence-1-population-5,0.4,0.6,Experiment-5,d9145d2a-rounds-10-evidence-1-population-5
14,0.0,0.6,0.1111111111111111,5-d9145d2a-rounds-10-evidence-1-population-5,0.05529157667386614,0.4,Experiment-5,d9145d2a-rounds-10-evidence-1-population-5
15,1.0,0.4,0.4444444444444444,5-d9145d2a-rounds-10-evidence-1-population-5,0.4,0.4,Experiment-5,d9145d2a-rounds-10-evidence-1-population-5
16,0.0,0.8,0.5555555555555556,6-d9145d2a-rounds-10-evidence-1-population-5,0.5999999999999999,0.6,Experiment-5,d9145d2a-rounds-10-evidence-1-population-5
17,1.0,0.8,0.3333333333333333,6-d9145d2a-rounds-10-evidence-1-population-5,0.22857142857142862,0.6,Experiment-5,d9145d2a-rounds-10-evidence-1-population-5
18,0.0,0.6,0.4444444444444444,6-d9145d2a-rounds-10-evidence-1-population-5,0.4,0.6,Experiment-5,d9145d2a-rounds-10-evidence-1-population-5
19,1.0,1.0,0.6666666666666666,6-d9145d2a-rounds-10-evidence-1-population-5,0.7714285714285715,0.4,Experiment-5,d9145d2a-rounds-10-evidence-1-population-5
20,1.0,0.8,0.4444444444444444,6-d9145d2a-rounds-10-evidence-1-population-5,0.4,0.4,Experiment-5,d9145d2a-rounds-10-evidence-1-population-5
21,0.0,0.6,0.5555555555555556,6-d9145d2a-rounds-10-evidence-1-population-5,0.5999999999999999,0.4,Experiment-5,d9145d2a-rounds-10-evidence-1-population-5
22,0.0,0.8,0.5555555555555556,6-d9145d2a-rounds-10-evidence-1-population-5,0.5999999999999999,0.6,Experiment-5,d9145d2a-rounds-10-evidence-1-population-5
23,1.0,1.0,0.4444444444444444,6-d9145d2a-rounds-10-evidence-1-population-5,0.4,0.4,Experiment-5,d9145d2a-rounds-10-evidence-1-population-5
24,1.0,1.0,0.4444444444444444,7-d9145d2a-rounds-10-evidence-1-population-5,0.4,0.6,Experiment-5,d9145d2a-rounds-10-evidence-1-population-5
25,1.0,0.8,0.6666666666666666,7-d9145d2a-rounds-10-evidence-1-population-5,0.7714285714285715,0.6,Experiment-5,d9145d2a-rounds-10-evidence-1-population-5
26,0.0,0.4,0.5555555555555556,7-d9145d2a-rounds-10-evidence-1-population-5,0.5999999999999999,0.6,Experiment-5,d9145d2a-rounds-10-evidence-1-population-5
27,0.0,0.2,0.2222222222222222,7-d9145d2a-rounds-10-evidence-1-population-5,0.1163636363636364,0.4,Experiment-5,d9145d2a-rounds-10-evidence-1-population-5
28,0.0,0.4,0.5555555555555556,7-d9145d2a-rounds-10-evidence-1-population-5,0.5999999999999999,0.4,Experiment-5,d9145d2a-rounds-10-evidence-1-population-5
29,0.0,0.4,0.5555555555555556,7-d9145d2a-rounds-10-evidence-1-population-5,0.5999999999999999,0.4,Experiment-5,d9145d2a-rounds-10-evidence-1-population-5
30,1.0,1.0,0.8888888888888888,7-d9145d2a-rounds-10-evidence-1-population-5,0.9447084233261339,0.6,Experiment-5,d9145d2a-rounds-10-evidence-1-population-5
31,0.0,0.4,0.5555555555555556,7-d9145d2a-rounds-10-evidence-1-population-5,0.5999999999999999,0.6,Experiment-5,d9145d2a-rounds-10-evidence-1-population-5
