id,creation_time,property1,property2,property3,property4,property5,failed,time_of_death,type,participant_id,number,question,response
1,2018-05-04 20:17:13.974315,,,,,,f,,question,1,1,time,5
2,2018-05-04 20:17:14.630915,,,,,,f,,question,1,2,multi-confusing,I wasn't sure the purpose of the study.
3,2018-05-04 20:17:14.71134,,,,,,f,,question,1,3,"",""
4,2018-05-04 20:17:14.804691,,,,,,f,,question,1,4,"",""
5,2018-05-04 20:27:25.529842,,,,,,f,,question,2,1,time,10
6,2018-05-04 20:27:25.63968,,,,,,f,,question,2,2,multi-confusing,No.
7,2018-05-04 20:27:25.741175,,,,,,f,,question,2,3,"",""
8,2018-05-04 20:27:25.823553,,,,,,f,,question,2,4,"",""
9,2018-05-04 20:36:45.892834,,,,,,f,,question,3,1,time,5
10,2018-05-04 20:36:46.053299,,,,,,f,,question,3,2,multi-confusing,No. I found it quite entertaining. Thank you!
11,2018-05-04 20:36:46.174615,,,,,,f,,question,3,3,"",""
12,2018-05-04 20:36:46.508088,,,,,,f,,question,3,4,"",""
13,2018-05-04 20:46:32.647792,,,,,,f,,question,4,1,time,10
14,2018-05-04 20:46:32.764865,,,,,,f,,question,4,2,multi-confusing,"Nothing confusing, thank you"
15,2018-05-04 20:46:32.90663,,,,,,f,,question,4,3,"",""
16,2018-05-04 20:46:33.021803,,,,,,f,,question,4,4,"",""
17,2018-05-04 21:21:25.385263,,,,,,f,,question,5,1,time,5
18,2018-05-04 21:21:25.652792,,,,,,f,,question,5,2,multi-confusing,littele
19,2018-05-04 21:21:25.932398,,,,,,f,,question,5,3,"",""
20,2018-05-04 21:21:26.204529,,,,,,f,,question,5,4,"",""
21,2018-05-04 22:52:29.355719,,,,,,f,,question,7,1,time,7
22,2018-05-04 22:52:29.499662,,,,,,f,,question,7,2,multi-confusing,no
23,2018-05-04 22:52:29.613296,,,,,,f,,question,7,3,"",""
24,2018-05-04 22:52:29.719772,,,,,,f,,question,7,4,"",""
25,2018-05-04 23:39:34.428055,,,,,,f,,question,8,1,time,0
26,2018-05-04 23:39:34.502454,,,,,,f,,question,8,2,multi-confusing,"Nothing was confusing, but I wished I wasn't the first person so that I had a better idea of what parts would fail "
27,2018-05-04 23:39:34.580925,,,,,,f,,question,8,3,"",""
28,2018-05-04 23:39:34.668849,,,,,,f,,question,8,4,"",""
29,2018-05-04 23:48:12.296458,,,,,,f,,question,9,1,time,5
30,2018-05-04 23:48:12.360573,,,,,,f,,question,9,2,multi-confusing,"No, but I was sad that I had no one's work to go off of"
31,2018-05-04 23:48:12.464109,,,,,,f,,question,9,3,"",""
32,2018-05-04 23:48:12.524834,,,,,,f,,question,9,4,"",""
33,2018-05-04 23:58:33.396451,,,,,,f,,question,11,1,time,10
34,2018-05-04 23:58:33.748706,,,,,,f,,question,11,2,multi-confusing,Nothing
35,2018-05-04 23:58:34.10024,,,,,,f,,question,11,3,"",""
36,2018-05-04 23:58:34.437327,,,,,,f,,question,11,4,"",""
37,2018-05-05 01:07:23.713098,,,,,,f,,question,12,1,time,5
38,2018-05-05 01:07:23.835954,,,,,,f,,question,12,2,multi-confusing,"a little bit, i was trying to chose objects that were similar or thought they could work together"
39,2018-05-05 01:07:23.958086,,,,,,f,,question,12,3,"",""
40,2018-05-05 01:07:24.066448,,,,,,f,,question,12,4,"",""
41,2018-05-05 01:32:15.108202,,,,,,f,,question,13,1,time,0
42,2018-05-05 01:32:15.185114,,,,,,f,,question,13,2,multi-confusing,n/a
43,2018-05-05 01:32:15.311931,,,,,,f,,question,13,3,"",""
44,2018-05-05 01:32:15.419466,,,,,,f,,question,13,4,"",""
45,2018-05-05 01:38:50.023963,,,,,,f,,question,14,1,time,0
46,2018-05-05 01:38:50.144193,,,,,,f,,question,14,2,multi-confusing,no
47,2018-05-05 01:38:50.241031,,,,,,f,,question,14,3,"",""
48,2018-05-05 01:38:50.366853,,,,,,f,,question,14,4,"",""
49,2018-05-05 02:56:05.145024,,,,,,f,,question,15,1,time,0
50,2018-05-05 02:56:05.202666,,,,,,f,,question,15,2,multi-confusing,"This was a creative, straight-forward experiment. I wish I could have seen an animation of the rocket flying around!"
51,2018-05-05 02:56:05.272565,,,,,,f,,question,15,3,"",""
52,2018-05-05 02:56:05.332561,,,,,,f,,question,15,4,"",""
53,2018-05-05 04:06:21.988854,,,,,,f,,question,17,1,time,7
54,2018-05-05 04:06:22.150402,,,,,,f,,question,17,2,multi-confusing,No.
55,2018-05-05 04:06:22.287948,,,,,,f,,question,17,3,"",""
56,2018-05-05 04:06:22.413895,,,,,,f,,question,17,4,"",""
57,2018-05-05 05:13:54.034417,,,,,,f,,question,19,1,time,0
58,2018-05-05 05:13:54.171088,,,,,,f,,question,19,2,multi-confusing,no
59,2018-05-05 05:13:54.303109,,,,,,f,,question,19,3,"",""
60,2018-05-05 05:13:54.415214,,,,,,f,,question,19,4,"",""
61,2018-05-05 05:35:32.627053,,,,,,f,,question,20,1,time,0
62,2018-05-05 05:35:32.703952,,,,,,f,,question,20,2,multi-confusing,no
63,2018-05-05 05:35:32.899306,,,,,,f,,question,20,3,"",""
64,2018-05-05 05:35:32.965755,,,,,,f,,question,20,4,"",""
65,2018-05-05 06:41:34.403388,,,,,,f,,question,21,1,time,0
66,2018-05-05 06:41:34.556531,,,,,,f,,question,21,2,multi-confusing,No. It was straightforward. Felt like I got likely as I was first to go so that's why it was quick.
67,2018-05-05 06:41:34.725573,,,,,,f,,question,21,3,"",""
68,2018-05-05 06:41:34.879237,,,,,,f,,question,21,4,"",""
69,2018-05-05 07:00:54.834444,,,,,,f,,question,22,1,time,0
70,2018-05-05 07:00:54.904442,,,,,,f,,question,22,2,multi-confusing,No.
71,2018-05-05 07:00:54.963443,,,,,,f,,question,22,3,"",""
72,2018-05-05 07:00:55.025259,,,,,,f,,question,22,4,"",""
73,2018-05-05 07:34:35.764626,,,,,,f,,question,23,1,time,0
74,2018-05-05 07:34:36.11173,,,,,,f,,question,23,2,multi-confusing,no
75,2018-05-05 07:34:36.478133,,,,,,f,,question,23,3,"",""
76,2018-05-05 07:34:36.812744,,,,,,f,,question,23,4,"",""
77,2018-05-05 07:39:33.01267,,,,,,f,,question,24,1,time,0
78,2018-05-05 07:39:33.119327,,,,,,f,,question,24,2,multi-confusing,""
79,2018-05-05 07:39:33.256768,,,,,,f,,question,24,3,"",""
80,2018-05-05 07:39:33.363867,,,,,,f,,question,24,4,"",""
81,2018-05-05 07:47:15.921999,,,,,,f,,question,25,1,time,5
82,2018-05-05 07:47:16.262718,,,,,,f,,question,25,2,multi-confusing,no
83,2018-05-05 07:47:16.616242,,,,,,f,,question,25,3,"",""
84,2018-05-05 07:47:16.943549,,,,,,f,,question,25,4,"",""
85,2018-05-05 07:53:41.119271,,,,,,f,,question,26,1,time,10
86,2018-05-05 07:53:41.286436,,,,,,f,,question,26,2,multi-confusing,No
87,2018-05-05 07:53:41.479405,,,,,,f,,question,26,3,"",""
88,2018-05-05 07:53:41.6922,,,,,,f,,question,26,4,"",""
89,2018-05-05 08:03:04.312827,,,,,,f,,question,27,1,time,5
90,2018-05-05 08:03:04.378585,,,,,,f,,question,27,2,multi-confusing,nope
91,2018-05-05 08:03:04.438854,,,,,,f,,question,27,3,"",""
92,2018-05-05 08:03:04.499767,,,,,,f,,question,27,4,"",""
93,2018-05-05 08:12:04.368397,,,,,,f,,question,28,1,time,10
94,2018-05-05 08:12:04.484994,,,,,,f,,question,28,2,multi-confusing,no not really
106,2018-05-05 08:58:37.68472,,,,,,f,,question,31,2,multi-confusing,none
95,2018-05-05 08:12:04.576372,,,,,,f,,question,28,3,"",""
98,2018-05-05 08:24:03.321746,,,,,,f,,question,29,2,multi-confusing,No
96,2018-05-05 08:12:04.683355,,,,,,f,,question,28,4,"",""
97,2018-05-05 08:24:03.24625,,,,,,f,,question,29,1,time,7
99,2018-05-05 08:24:03.378026,,,,,,f,,question,29,3,"",""
100,2018-05-05 08:24:03.433748,,,,,,f,,question,29,4,"",""
105,2018-05-05 08:58:37.62343,,,,,,f,,question,31,1,time,15
101,2018-05-05 08:31:53.169928,,,,,,f,,question,30,1,time,5
102,2018-05-05 08:31:53.292866,,,,,,f,,question,30,2,multi-confusing,no
103,2018-05-05 08:31:53.393086,,,,,,f,,question,30,3,"",""
107,2018-05-05 08:58:37.748517,,,,,,f,,question,31,3,"",""
108,2018-05-05 08:58:37.79675,,,,,,f,,question,31,4,"",""
104,2018-05-05 08:31:53.648347,,,,,,f,,question,30,4,"",""
109,2018-05-05 09:21:22.559496,,,,,,f,,question,34,1,time,7
110,2018-05-05 09:21:22.79896,,,,,,f,,question,34,2,multi-confusing,""
111,2018-05-05 09:21:23.011484,,,,,,f,,question,34,3,"",""
112,2018-05-05 09:21:23.201306,,,,,,f,,question,34,4,"",""
113,2018-05-05 10:31:48.616837,,,,,,f,,question,35,1,time,7
114,2018-05-05 10:31:48.785702,,,,,,f,,question,35,2,multi-confusing,I didn't find anything to be confusing during the task.
115,2018-05-05 10:31:48.880994,,,,,,f,,question,35,3,"",""
116,2018-05-05 10:31:48.968996,,,,,,f,,question,35,4,"",""
117,2018-05-05 11:11:39.628351,,,,,,f,,question,36,1,time,12
118,2018-05-05 11:11:40.569084,,,,,,f,,question,36,2,multi-confusing,""
119,2018-05-05 11:11:41.102034,,,,,,f,,question,36,3,"",""
120,2018-05-05 11:11:41.654341,,,,,,f,,question,36,4,"",""
121,2018-05-05 11:11:42.39701,,,,,,f,,question,36,1,time,12
122,2018-05-05 11:11:43.627898,,,,,,f,,question,36,2,multi-confusing,""
123,2018-05-05 11:11:44.034357,,,,,,f,,question,36,3,"",""
124,2018-05-05 11:11:44.38397,,,,,,f,,question,36,4,"",""
125,2018-05-05 11:24:10.91787,,,,,,f,,question,37,1,time,5
126,2018-05-05 11:24:10.995889,,,,,,f,,question,37,2,multi-confusing,Yeah it seems like the parts had no correlation to the previous ship. 
127,2018-05-05 11:24:11.08906,,,,,,f,,question,37,3,"",""
128,2018-05-05 11:24:11.141233,,,,,,f,,question,37,4,"",""
129,2018-05-05 12:12:31.374439,,,,,,f,,question,38,1,time,12
130,2018-05-05 12:12:31.490204,,,,,,f,,question,38,2,multi-confusing,No
131,2018-05-05 12:12:31.680584,,,,,,f,,question,38,3,"",""
132,2018-05-05 12:12:31.784513,,,,,,f,,question,38,4,"",""
133,2018-05-05 12:50:46.863754,,,,,,f,,question,39,1,time,15
134,2018-05-05 12:50:46.937317,,,,,,f,,question,39,2,multi-confusing,No
135,2018-05-05 12:50:47.008213,,,,,,f,,question,39,3,"",""
136,2018-05-05 12:50:47.077963,,,,,,f,,question,39,4,"",""
137,2018-05-05 12:58:07.744959,,,,,,f,,question,40,1,time,5
138,2018-05-05 12:58:07.827527,,,,,,f,,question,40,2,multi-confusing,No.
139,2018-05-05 12:58:07.903758,,,,,,f,,question,40,3,"",""
140,2018-05-05 12:58:07.983071,,,,,,f,,question,40,4,"",""
141,2018-05-05 13:27:35.433943,,,,,,f,,question,41,1,time,7
142,2018-05-05 13:27:35.519452,,,,,,f,,question,41,2,multi-confusing,no worked well
143,2018-05-05 13:27:35.608743,,,,,,f,,question,41,3,"",""
144,2018-05-05 13:27:35.713284,,,,,,f,,question,41,4,"",""
145,2018-05-05 13:51:42.030406,,,,,,f,,question,42,1,time,5
146,2018-05-05 13:51:42.110854,,,,,,f,,question,42,2,multi-confusing,no
147,2018-05-05 13:51:42.211513,,,,,,f,,question,42,3,"",""
148,2018-05-05 13:51:42.312041,,,,,,f,,question,42,4,"",""
149,2018-05-05 14:50:16.222354,,,,,,f,,question,43,1,time,7
150,2018-05-05 14:50:16.319931,,,,,,f,,question,43,2,multi-confusing,"Not really, it just seemed to be RNG based."
151,2018-05-05 14:50:16.382778,,,,,,f,,question,43,3,"",""
152,2018-05-05 14:50:16.444904,,,,,,f,,question,43,4,"",""
153,2018-05-05 15:07:14.471504,,,,,,f,,question,44,1,time,12
154,2018-05-05 15:07:14.511683,,,,,,f,,question,44,2,multi-confusing,""
155,2018-05-05 15:07:14.563152,,,,,,f,,question,44,3,"",""
156,2018-05-05 15:07:14.595179,,,,,,f,,question,44,4,"",""
157,2018-05-05 15:17:01.602695,,,,,,f,,question,45,1,time,0
158,2018-05-05 15:17:01.704467,,,,,,f,,question,45,2,multi-confusing,No
159,2018-05-05 15:17:01.781566,,,,,,f,,question,45,3,"",""
160,2018-05-05 15:17:01.843427,,,,,,f,,question,45,4,"",""
161,2018-05-05 15:23:43.6744,,,,,,f,,question,46,1,time,5
162,2018-05-05 15:23:43.737041,,,,,,f,,question,46,2,multi-confusing,""
163,2018-05-05 15:23:43.800331,,,,,,f,,question,46,3,"",""
164,2018-05-05 15:23:43.88929,,,,,,f,,question,46,4,"",""
165,2018-05-05 16:16:01.390815,,,,,,f,,question,47,1,time,5
166,2018-05-05 16:16:01.459155,,,,,,f,,question,47,2,multi-confusing,""
167,2018-05-05 16:16:01.581975,,,,,,f,,question,47,3,"",""
168,2018-05-05 16:16:01.652049,,,,,,f,,question,47,4,"",""
169,2018-05-05 16:43:01.983109,,,,,,f,,question,48,1,time,12
170,2018-05-05 16:43:02.055216,,,,,,f,,question,48,2,multi-confusing,nothing was confusing
171,2018-05-05 16:43:02.144767,,,,,,f,,question,48,3,"",""
172,2018-05-05 16:43:02.245037,,,,,,f,,question,48,4,"",""
173,2018-05-05 20:23:42.108213,,,,,,f,,question,49,1,time,7
174,2018-05-05 20:23:42.214593,,,,,,f,,question,49,2,multi-confusing,No
175,2018-05-05 20:23:42.325765,,,,,,f,,question,49,3,"",""
176,2018-05-05 20:23:42.967141,,,,,,f,,question,49,4,"",""
177,2018-05-05 21:04:54.760265,,,,,,f,,question,50,1,time,12
178,2018-05-05 21:04:55.304837,,,,,,f,,question,50,2,multi-confusing,no i didnt at all
179,2018-05-05 21:04:55.433551,,,,,,f,,question,50,3,"",""
180,2018-05-05 21:04:55.556116,,,,,,f,,question,50,4,"",""
181,2018-05-05 21:13:30.698232,,,,,,f,,question,51,1,time,7
182,2018-05-05 21:13:30.808679,,,,,,f,,question,51,2,multi-confusing,"I couldn't sense any logic or patterns, results truly felt random"
183,2018-05-05 21:13:30.927442,,,,,,f,,question,51,3,"",""
184,2018-05-05 21:13:31.036763,,,,,,f,,question,51,4,"",""
185,2018-05-05 21:24:26.202614,,,,,,f,,question,52,1,time,10
186,2018-05-05 21:24:26.286224,,,,,,f,,question,52,2,multi-confusing,no.
187,2018-05-05 21:24:26.380887,,,,,,f,,question,52,3,"",""
188,2018-05-05 21:24:26.495225,,,,,,f,,question,52,4,"",""
189,2018-05-05 21:34:42.286752,,,,,,f,,question,53,1,time,7
190,2018-05-05 21:34:42.46498,,,,,,f,,question,53,2,multi-confusing,no
191,2018-05-05 21:34:42.658941,,,,,,f,,question,53,3,"",""
192,2018-05-05 21:34:42.836055,,,,,,f,,question,53,4,"",""
193,2018-05-05 21:41:53.099151,,,,,,f,,question,54,1,time,12
194,2018-05-05 21:41:53.187118,,,,,,f,,question,54,2,multi-confusing,no
195,2018-05-05 21:41:53.278553,,,,,,f,,question,54,3,"",""
196,2018-05-05 21:41:53.365017,,,,,,f,,question,54,4,"",""
197,2018-05-05 23:00:55.445984,,,,,,f,,question,63,1,time,10
198,2018-05-05 23:00:55.527066,,,,,,f,,question,63,2,multi-confusing,no
199,2018-05-05 23:00:55.606599,,,,,,f,,question,63,3,"",""
200,2018-05-05 23:00:55.717263,,,,,,f,,question,63,4,"",""
201,2018-05-06 00:15:59.058343,,,,,,f,,question,66,1,time,10
202,2018-05-06 00:15:59.26481,,,,,,f,,question,66,2,multi-confusing,no
203,2018-05-06 00:15:59.39215,,,,,,f,,question,66,3,"",""
204,2018-05-06 00:15:59.54872,,,,,,f,,question,66,4,"",""
205,2018-05-06 00:28:51.606505,,,,,,f,,question,67,1,time,7
206,2018-05-06 00:28:51.742069,,,,,,f,,question,67,2,multi-confusing,"I would have liked the icons in the space ships to be larger, so that I could see what I was clicking on. Other than that, it was good."
219,2018-05-06 05:08:13.686793,,,,,,f,,question,71,3,"",""
220,2018-05-06 05:08:13.790869,,,,,,f,,question,71,4,"",""
223,2018-05-06 05:36:05.988614,,,,,,f,,question,72,3,"",""
224,2018-05-06 05:36:07.0117,,,,,,f,,question,72,4,"",""
207,2018-05-06 00:28:51.87182,,,,,,f,,question,67,3,"",""
225,2018-05-06 06:51:29.205207,,,,,,f,,question,73,1,time,NA
236,2018-05-06 07:37:35.48193,,,,,,f,,question,76,4,"",""
208,2018-05-06 00:28:52.0799,,,,,,f,,question,67,4,"",""
209,2018-05-06 01:29:28.728643,,,,,,f,,question,69,1,time,10
215,2018-05-06 02:59:46.788201,,,,,,f,,question,70,3,"",""
222,2018-05-06 05:36:04.73566,,,,,,f,,question,72,2,multi-confusing,no
229,2018-05-06 07:19:09.469417,,,,,,f,,question,74,1,time,7
240,2018-05-06 07:49:26.983444,,,,,,f,,question,77,4,"",""
210,2018-05-06 01:29:28.875745,,,,,,f,,question,69,2,multi-confusing,"Not really, it was interesting."
211,2018-05-06 01:29:29.011846,,,,,,f,,question,69,3,"",""
212,2018-05-06 01:29:29.149113,,,,,,f,,question,69,4,"",""
216,2018-05-06 02:59:46.900365,,,,,,f,,question,70,4,"",""
213,2018-05-06 02:59:46.534069,,,,,,f,,question,70,1,time,7
214,2018-05-06 02:59:46.681379,,,,,,f,,question,70,2,multi-confusing,""
231,2018-05-06 07:19:09.754034,,,,,,f,,question,74,3,"",""
217,2018-05-06 05:08:13.079388,,,,,,f,,question,71,1,time,5
235,2018-05-06 07:37:35.390807,,,,,,f,,question,76,3,"",""
237,2018-05-06 07:49:26.60862,,,,,,f,,question,77,1,time,7
218,2018-05-06 05:08:13.176984,,,,,,f,,question,71,2,multi-confusing,no
221,2018-05-06 05:36:03.636458,,,,,,f,,question,72,1,time,7
230,2018-05-06 07:19:09.56302,,,,,,f,,question,74,2,multi-confusing,"No, it was just a difficult game to succeed at. "
226,2018-05-06 06:51:29.683798,,,,,,f,,question,73,2,multi-confusing,NIL
227,2018-05-06 06:51:30.079133,,,,,,f,,question,73,3,"",""
228,2018-05-06 06:51:30.523893,,,,,,f,,question,73,4,"",""
232,2018-05-06 07:19:09.915567,,,,,,f,,question,74,4,"",""
238,2018-05-06 07:49:26.724133,,,,,,f,,question,77,2,multi-confusing,no
233,2018-05-06 07:37:35.217813,,,,,,f,,question,76,1,time,7
234,2018-05-06 07:37:35.309243,,,,,,f,,question,76,2,multi-confusing,I was looking for a pattern didn't really find one. This ones a chin scratcher for me.
239,2018-05-06 07:49:26.869061,,,,,,f,,question,77,3,"",""
241,2018-05-06 07:54:09.109063,,,,,,f,,question,78,1,time,0
242,2018-05-06 07:54:09.175656,,,,,,f,,question,78,2,multi-confusing,"No, but relying on other people didn't matter considering things could go faulty at any time for any reasons"
243,2018-05-06 07:54:09.25297,,,,,,f,,question,78,3,"",""
244,2018-05-06 07:54:09.309784,,,,,,f,,question,78,4,"",""
245,2018-05-06 08:04:48.961532,,,,,,f,,question,79,1,time,5
246,2018-05-06 08:04:49.108418,,,,,,f,,question,79,2,multi-confusing,There didn't seem to be probabilities associated with each spaceship component.
247,2018-05-06 08:04:49.283239,,,,,,f,,question,79,3,"",""
248,2018-05-06 08:04:49.427427,,,,,,f,,question,79,4,"",""
249,2018-05-06 08:12:00.748287,,,,,,f,,question,80,1,time,7
250,2018-05-06 08:12:00.854538,,,,,,f,,question,80,2,multi-confusing,Not at all
251,2018-05-06 08:12:01.17217,,,,,,f,,question,80,3,"",""
252,2018-05-06 08:12:01.316069,,,,,,f,,question,80,4,"",""
253,2018-05-06 08:37:28.673137,,,,,,f,,question,81,1,time,15
254,2018-05-06 08:37:29.105206,,,,,,f,,question,81,2,multi-confusing,no
255,2018-05-06 08:37:29.631231,,,,,,f,,question,81,3,"",""
256,2018-05-06 08:37:30.097752,,,,,,f,,question,81,4,"",""
257,2018-05-06 08:54:44.543866,,,,,,f,,question,82,1,time,7
258,2018-05-06 08:54:44.696533,,,,,,f,,question,82,2,multi-confusing,no
259,2018-05-06 08:54:44.854281,,,,,,f,,question,82,3,"",""
260,2018-05-06 08:54:44.947512,,,,,,f,,question,82,4,"",""
261,2018-05-06 09:02:09.787978,,,,,,f,,question,83,1,time,7
262,2018-05-06 09:02:09.864658,,,,,,f,,question,83,2,multi-confusing,No
263,2018-05-06 09:02:09.931686,,,,,,f,,question,83,3,"",""
264,2018-05-06 09:02:09.998202,,,,,,f,,question,83,4,"",""
265,2018-05-06 09:12:49.803804,,,,,,f,,question,84,1,time,7
266,2018-05-06 09:12:49.919774,,,,,,f,,question,84,2,multi-confusing,"No, but I wish I could have seen the probabilities of failure for each item before selecting. Thanks though, it was fun!"
267,2018-05-06 09:12:50.031507,,,,,,f,,question,84,3,"",""
268,2018-05-06 09:12:50.151499,,,,,,f,,question,84,4,"",""
269,2018-05-06 09:25:26.310976,,,,,,f,,question,85,1,time,10
270,2018-05-06 09:25:26.434813,,,,,,f,,question,85,2,multi-confusing,"At the beginning, I wasn't too sure how to achieve the goal presented, but soon figured it out."
271,2018-05-06 09:25:26.539261,,,,,,f,,question,85,3,"",""
272,2018-05-06 09:25:26.65462,,,,,,f,,question,85,4,"",""
273,2018-05-06 09:53:42.851651,,,,,,f,,question,86,1,time,5
274,2018-05-06 09:53:43.196194,,,,,,f,,question,86,2,multi-confusing,It was confusing to get an idea of which parts would successfully work and which parts wouldn't.
275,2018-05-06 09:53:43.546363,,,,,,f,,question,86,3,"",""
276,2018-05-06 09:53:43.883599,,,,,,f,,question,86,4,"",""
277,2018-05-06 10:02:13.108848,,,,,,f,,question,87,1,time,7
278,2018-05-06 10:02:13.483652,,,,,,f,,question,87,2,multi-confusing,I did not find anything confusing about the experiment.
279,2018-05-06 10:02:13.780031,,,,,,f,,question,87,3,"",""
280,2018-05-06 10:02:14.088345,,,,,,f,,question,87,4,"",""
281,2018-05-06 10:13:22.667794,,,,,,f,,question,88,1,time,12
282,2018-05-06 10:13:22.732751,,,,,,f,,question,88,2,multi-confusing,no
283,2018-05-06 10:13:22.851965,,,,,,f,,question,88,3,"",""
284,2018-05-06 10:13:22.925629,,,,,,f,,question,88,4,"",""
285,2018-05-06 10:20:56.818474,,,,,,f,,question,89,1,time,7
286,2018-05-06 10:20:56.91077,,,,,,f,,question,89,2,multi-confusing,no
287,2018-05-06 10:20:56.999048,,,,,,f,,question,89,3,"",""
288,2018-05-06 10:20:57.08939,,,,,,f,,question,89,4,"",""
289,2018-05-06 10:35:54.447261,,,,,,f,,question,90,1,time,5
290,2018-05-06 10:35:54.532104,,,,,,f,,question,90,2,multi-confusing,No
291,2018-05-06 10:35:54.582837,,,,,,f,,question,90,3,"",""
292,2018-05-06 10:35:54.647188,,,,,,f,,question,90,4,"",""
293,2018-05-06 10:54:12.295423,,,,,,f,,question,91,1,time,12
294,2018-05-06 10:54:12.375858,,,,,,f,,question,91,2,multi-confusing,didn't see any information about the parts
295,2018-05-06 10:54:12.452325,,,,,,f,,question,91,3,"",""
296,2018-05-06 10:54:12.538745,,,,,,f,,question,91,4,"",""
297,2018-05-06 10:58:29.520033,,,,,,f,,question,92,1,time,0
298,2018-05-06 10:58:30.115201,,,,,,f,,question,92,2,multi-confusing,No
299,2018-05-06 10:58:30.639024,,,,,,f,,question,92,3,"",""
300,2018-05-06 10:58:31.207863,,,,,,f,,question,92,4,"",""
301,2018-05-06 11:03:29.642594,,,,,,f,,question,93,1,time,15
302,2018-05-06 11:03:29.758862,,,,,,f,,question,93,2,multi-confusing,nope
303,2018-05-06 11:03:29.873009,,,,,,f,,question,93,3,"",""
304,2018-05-06 11:03:29.991311,,,,,,f,,question,93,4,"",""
305,2018-05-06 11:08:06.319602,,,,,,f,,question,94,1,time,5
306,2018-05-06 11:08:07.052638,,,,,,f,,question,94,2,multi-confusing,nothing
307,2018-05-06 11:08:07.615315,,,,,,f,,question,94,3,"",""
308,2018-05-06 11:08:08.242036,,,,,,f,,question,94,4,"",""
309,2018-05-06 13:16:09.53477,,,,,,f,,question,95,1,time,5
310,2018-05-06 13:16:09.624802,,,,,,f,,question,95,2,multi-confusing,""
311,2018-05-06 13:16:09.707844,,,,,,f,,question,95,3,"",""
312,2018-05-06 13:16:09.812599,,,,,,f,,question,95,4,"",""
313,2018-05-06 13:46:08.09231,,,,,,f,,question,99,1,time,12
314,2018-05-06 13:46:08.206889,,,,,,f,,question,99,2,multi-confusing,no
315,2018-05-06 13:46:08.340134,,,,,,f,,question,99,3,"",""
316,2018-05-06 13:46:08.468166,,,,,,f,,question,99,4,"",""
317,2018-05-06 13:51:56.705545,,,,,,f,,question,101,1,time,7
318,2018-05-06 13:51:56.76031,,,,,,f,,question,101,2,multi-confusing,No
319,2018-05-06 13:51:56.811912,,,,,,f,,question,101,3,"",""
320,2018-05-06 13:51:56.859584,,,,,,f,,question,101,4,"",""
321,2018-05-06 14:17:04.425592,,,,,,f,,question,102,1,time,5
322,2018-05-06 14:17:04.490013,,,,,,f,,question,102,2,multi-confusing,Nope
323,2018-05-06 14:17:04.571221,,,,,,f,,question,102,3,"",""
324,2018-05-06 14:17:04.6188,,,,,,f,,question,102,4,"",""
325,2018-05-06 15:00:10.118718,,,,,,f,,question,103,1,time,10
326,2018-05-06 15:00:10.236057,,,,,,f,,question,103,2,multi-confusing,No
327,2018-05-06 15:00:10.422471,,,,,,f,,question,103,3,"",""
328,2018-05-06 15:00:10.50267,,,,,,f,,question,103,4,"",""
329,2018-05-06 15:10:45.805467,,,,,,f,,question,105,1,time,7
330,2018-05-06 15:10:45.887587,,,,,,f,,question,105,2,multi-confusing,No. Interesting!
331,2018-05-06 15:10:45.947762,,,,,,f,,question,105,3,"",""
333,2018-05-06 15:20:19.38107,,,,,,f,,question,107,1,time,12
361,2018-05-06 17:48:04.329536,,,,,,f,,question,117,1,time,5
377,2018-05-06 19:16:33.493173,,,,,,f,,question,122,1,time,10
332,2018-05-06 15:10:46.015746,,,,,,f,,question,105,4,"",""
334,2018-05-06 15:20:19.475962,,,,,,f,,question,107,2,multi-confusing,Nothing in the experiment was confusing.
335,2018-05-06 15:20:19.56952,,,,,,f,,question,107,3,"",""
352,2018-05-06 16:05:33.30557,,,,,,f,,question,112,4,"",""
353,2018-05-06 16:38:55.03075,,,,,,f,,question,113,1,time,7
359,2018-05-06 17:20:30.555973,,,,,,f,,question,116,3,"",""
364,2018-05-06 17:48:04.612294,,,,,,f,,question,117,4,"",""
367,2018-05-06 17:54:57.821556,,,,,,f,,question,118,3,"",""
368,2018-05-06 17:54:57.895722,,,,,,f,,question,118,4,"",""
378,2018-05-06 19:16:33.580735,,,,,,f,,question,122,2,multi-confusing,no it was more interesting then anything
336,2018-05-06 15:20:19.66919,,,,,,f,,question,107,4,"",""
337,2018-05-06 15:29:59.095451,,,,,,f,,question,108,1,time,5
338,2018-05-06 15:29:59.210473,,,,,,f,,question,108,2,multi-confusing,""
339,2018-05-06 15:29:59.300993,,,,,,f,,question,108,3,"",""
342,2018-05-06 15:35:17.072981,,,,,,f,,question,109,2,multi-confusing,""
357,2018-05-06 17:20:30.160303,,,,,,f,,question,116,1,time,5
369,2018-05-06 18:31:39.430421,,,,,,f,,question,120,1,time,7
375,2018-05-06 18:49:49.856126,,,,,,f,,question,121,3,"",""
340,2018-05-06 15:29:59.387186,,,,,,f,,question,108,4,"",""
341,2018-05-06 15:35:16.986855,,,,,,f,,question,109,1,time,5
343,2018-05-06 15:35:17.15446,,,,,,f,,question,109,3,"",""
344,2018-05-06 15:35:17.227706,,,,,,f,,question,109,4,"",""
345,2018-05-06 15:54:18.515871,,,,,,f,,question,110,1,time,10
346,2018-05-06 15:54:18.621687,,,,,,f,,question,110,2,multi-confusing,No. 
347,2018-05-06 15:54:18.79203,,,,,,f,,question,110,3,"",""
348,2018-05-06 15:54:19.108773,,,,,,f,,question,110,4,"",""
349,2018-05-06 16:05:33.083271,,,,,,f,,question,112,1,time,7
350,2018-05-06 16:05:33.160629,,,,,,f,,question,112,2,multi-confusing,no
351,2018-05-06 16:05:33.235941,,,,,,f,,question,112,3,"",""
354,2018-05-06 16:38:55.326059,,,,,,f,,question,113,2,multi-confusing,No
356,2018-05-06 16:38:55.917818,,,,,,f,,question,113,4,"",""
365,2018-05-06 17:54:57.686869,,,,,,f,,question,118,1,time,0
370,2018-05-06 18:31:39.54529,,,,,,f,,question,120,2,multi-confusing,""
376,2018-05-06 18:49:49.946784,,,,,,f,,question,121,4,"",""
380,2018-05-06 19:16:33.81577,,,,,,f,,question,122,4,"",""
355,2018-05-06 16:38:55.625366,,,,,,f,,question,113,3,"",""
374,2018-05-06 18:49:49.742723,,,,,,f,,question,121,2,multi-confusing,Not really 
358,2018-05-06 17:20:30.435051,,,,,,f,,question,116,2,multi-confusing,no
360,2018-05-06 17:20:30.685082,,,,,,f,,question,116,4,"",""
373,2018-05-06 18:49:49.64248,,,,,,f,,question,121,1,time,10
362,2018-05-06 17:48:04.417467,,,,,,f,,question,117,2,multi-confusing,no
363,2018-05-06 17:48:04.507817,,,,,,f,,question,117,3,"",""
372,2018-05-06 18:31:39.820596,,,,,,f,,question,120,4,"",""
366,2018-05-06 17:54:57.759343,,,,,,f,,question,118,2,multi-confusing,no everything was clear
371,2018-05-06 18:31:39.688729,,,,,,f,,question,120,3,"",""
379,2018-05-06 19:16:33.712139,,,,,,f,,question,122,3,"",""
381,2018-05-06 20:34:54.582256,,,,,,f,,question,123,1,time,7
382,2018-05-06 20:34:54.914676,,,,,,f,,question,123,2,multi-confusing,no
383,2018-05-06 20:34:55.004217,,,,,,f,,question,123,3,"",""
384,2018-05-06 20:34:55.119992,,,,,,f,,question,123,4,"",""
385,2018-05-06 21:25:02.111733,,,,,,f,,question,124,1,time,7
386,2018-05-06 21:25:02.184887,,,,,,f,,question,124,2,multi-confusing,no
387,2018-05-06 21:25:02.265927,,,,,,f,,question,124,3,"",""
388,2018-05-06 21:25:02.34735,,,,,,f,,question,124,4,"",""
389,2018-05-06 21:33:20.914009,,,,,,f,,question,125,1,time,7
390,2018-05-06 21:33:20.9504,,,,,,f,,question,125,2,multi-confusing,Just how random the part failures were.
391,2018-05-06 21:33:20.992137,,,,,,f,,question,125,3,"",""
392,2018-05-06 21:33:21.032552,,,,,,f,,question,125,4,"",""
393,2018-05-06 21:44:47.617503,,,,,,f,,question,126,1,time,NA
394,2018-05-06 21:44:48.022422,,,,,,f,,question,126,2,multi-confusing,no
395,2018-05-06 21:44:48.418272,,,,,,f,,question,126,3,"",""
396,2018-05-06 21:44:49.055667,,,,,,f,,question,126,4,"",""
397,2018-05-06 22:08:07.847889,,,,,,f,,question,128,1,time,15
398,2018-05-06 22:08:08.015949,,,,,,f,,question,128,2,multi-confusing,nope
399,2018-05-06 22:08:08.162021,,,,,,f,,question,128,3,"",""
400,2018-05-06 22:08:08.319483,,,,,,f,,question,128,4,"",""
401,2018-05-06 22:20:15.993247,,,,,,f,,question,129,1,time,7
402,2018-05-06 22:20:16.075696,,,,,,f,,question,129,2,multi-confusing,no.
403,2018-05-06 22:20:16.166246,,,,,,f,,question,129,3,"",""
404,2018-05-06 22:20:16.248187,,,,,,f,,question,129,4,"",""
405,2018-05-06 22:45:31.456443,,,,,,f,,question,130,1,time,7
406,2018-05-06 22:45:31.589746,,,,,,f,,question,130,2,multi-confusing,""
407,2018-05-06 22:45:31.690349,,,,,,f,,question,130,3,"",""
408,2018-05-06 22:45:31.797032,,,,,,f,,question,130,4,"",""
409,2018-05-06 23:56:41.447003,,,,,,f,,question,131,1,time,7
410,2018-05-06 23:56:41.644533,,,,,,f,,question,131,2,multi-confusing,nothing was confusing
411,2018-05-06 23:56:41.741206,,,,,,f,,question,131,3,"",""
412,2018-05-06 23:56:41.829353,,,,,,f,,question,131,4,"",""
413,2018-05-07 00:02:04.015603,,,,,,f,,question,132,1,time,7
414,2018-05-07 00:02:04.10446,,,,,,f,,question,132,2,multi-confusing,No. Thank you for an engaging experiment.
415,2018-05-07 00:02:04.184272,,,,,,f,,question,132,3,"",""
416,2018-05-07 00:02:04.255038,,,,,,f,,question,132,4,"",""
417,2018-05-07 00:17:03.266752,,,,,,f,,question,133,1,time,12
418,2018-05-07 00:17:03.339524,,,,,,f,,question,133,2,multi-confusing,No
419,2018-05-07 00:17:03.376417,,,,,,f,,question,133,3,"",""
420,2018-05-07 00:17:03.407683,,,,,,f,,question,133,4,"",""
421,2018-05-07 00:37:07.924032,,,,,,f,,question,134,1,time,10
422,2018-05-07 00:37:08.002633,,,,,,f,,question,134,2,multi-confusing,no
423,2018-05-07 00:37:08.149235,,,,,,f,,question,134,3,"",""
424,2018-05-07 00:37:08.208379,,,,,,f,,question,134,4,"",""
425,2018-05-07 00:46:05.348457,,,,,,f,,question,135,1,time,7
426,2018-05-07 00:46:05.440598,,,,,,f,,question,135,2,multi-confusing,"No, I did not."
427,2018-05-07 00:46:05.52652,,,,,,f,,question,135,3,"",""
428,2018-05-07 00:46:05.624504,,,,,,f,,question,135,4,"",""
429,2018-05-07 01:27:34.324365,,,,,,f,,question,136,1,time,12
430,2018-05-07 01:27:34.435565,,,,,,f,,question,136,2,multi-confusing,"how to play it, how many do you pick why cant i use google chrome for this hit"
431,2018-05-07 01:27:34.562959,,,,,,f,,question,136,3,"",""
432,2018-05-07 01:27:34.687372,,,,,,f,,question,136,4,"",""
433,2018-05-07 04:42:26.989537,,,,,,f,,question,138,1,time,5
434,2018-05-07 04:42:27.403281,,,,,,f,,question,138,2,multi-confusing,No. Everything was clear.
435,2018-05-07 04:42:27.70054,,,,,,f,,question,138,3,"",""
436,2018-05-07 04:42:28.032513,,,,,,f,,question,138,4,"",""
437,2018-05-07 04:51:21.46023,,,,,,f,,question,139,1,time,7
438,2018-05-07 04:51:21.546416,,,,,,f,,question,139,2,multi-confusing,No
439,2018-05-07 04:51:21.713228,,,,,,f,,question,139,3,"",""
440,2018-05-07 04:51:21.80644,,,,,,f,,question,139,4,"",""
441,2018-05-07 04:57:30.737177,,,,,,f,,question,140,1,time,5
442,2018-05-07 04:57:30.807477,,,,,,f,,question,140,2,multi-confusing,The entire thing to be honest. 
443,2018-05-07 04:57:30.879775,,,,,,f,,question,140,3,"",""
444,2018-05-07 04:57:30.975038,,,,,,f,,question,140,4,"",""
445,2018-05-07 05:07:31.973734,,,,,,f,,question,141,1,time,5
446,2018-05-07 05:07:32.100162,,,,,,f,,question,141,2,multi-confusing,Not at all
447,2018-05-07 05:07:32.222849,,,,,,f,,question,141,3,"",""
448,2018-05-07 05:07:32.340817,,,,,,f,,question,141,4,"",""
449,2018-05-07 05:24:54.553371,,,,,,f,,question,143,1,time,7
450,2018-05-07 05:24:54.663575,,,,,,f,,question,143,2,multi-confusing,Yes. It seemed like the parts failing seemed random. I kept losing points so on my last round I put nothing to try and save points. 
451,2018-05-07 05:24:54.929658,,,,,,f,,question,143,3,"",""
452,2018-05-07 05:24:55.249447,,,,,,f,,question,143,4,"",""
453,2018-05-07 06:21:31.913858,,,,,,f,,question,145,1,time,7
454,2018-05-07 06:21:32.18246,,,,,,f,,question,145,2,multi-confusing,It's not so much confusing as so random that it's hard to make a thoughtful decision. I found that I wanted to find a pattern but in the end I was trying to trust my instinct more than anything else. It was hard to decide if I should try to include previous part that had failed or not. I tried a few times with mixed success. It was fun but I'm not sure what you are getting from this experiment. Maybe it's a way to see if we are willing to try parts that were once failing?
455,2018-05-07 06:21:32.312952,,,,,,f,,question,145,3,"",""
456,2018-05-07 06:21:32.439975,,,,,,f,,question,145,4,"",""
457,2018-05-07 06:27:53.306526,,,,,,f,,question,147,1,time,5
458,2018-05-07 06:27:53.391805,,,,,,f,,question,147,2,multi-confusing,no
459,2018-05-07 06:27:53.47732,,,,,,f,,question,147,3,"",""
460,2018-05-07 06:27:53.560054,,,,,,f,,question,147,4,"",""
461,2018-05-07 06:44:57.755617,,,,,,f,,question,148,1,time,5
462,2018-05-07 06:44:57.911678,,,,,,f,,question,148,2,multi-confusing,I understood everything perfectly.
463,2018-05-07 06:44:58.033279,,,,,,f,,question,148,3,"",""
464,2018-05-07 06:44:58.147713,,,,,,f,,question,148,4,"",""
465,2018-05-07 07:00:19.926034,,,,,,f,,question,149,1,time,10
466,2018-05-07 07:00:20.357843,,,,,,f,,question,149,2,multi-confusing,nothing
474,2018-05-07 07:23:49.270884,,,,,,f,,question,151,2,multi-confusing,no
489,2018-05-07 09:16:09.182365,,,,,,f,,question,156,1,time,15
467,2018-05-07 07:00:20.803205,,,,,,f,,question,149,3,"",""
468,2018-05-07 07:00:21.242982,,,,,,f,,question,149,4,"",""
483,2018-05-07 08:16:47.254856,,,,,,f,,question,153,3,"",""
469,2018-05-07 07:09:16.703738,,,,,,f,,question,150,1,time,7
479,2018-05-07 07:43:51.201017,,,,,,f,,question,152,3,"",""
470,2018-05-07 07:09:16.769962,,,,,,f,,question,150,2,multi-confusing,What things worked 
471,2018-05-07 07:09:16.836834,,,,,,f,,question,150,3,"",""
472,2018-05-07 07:09:16.905048,,,,,,f,,question,150,4,"",""
484,2018-05-07 08:16:47.406538,,,,,,f,,question,153,4,"",""
486,2018-05-07 08:55:39.274678,,,,,,f,,question,155,2,multi-confusing,no
473,2018-05-07 07:23:49.160816,,,,,,f,,question,151,1,time,0
475,2018-05-07 07:23:49.36613,,,,,,f,,question,151,3,"",""
476,2018-05-07 07:23:49.446222,,,,,,f,,question,151,4,"",""
477,2018-05-07 07:43:51.085796,,,,,,f,,question,152,1,time,15
478,2018-05-07 07:43:51.144799,,,,,,f,,question,152,2,multi-confusing,none
480,2018-05-07 07:43:51.272532,,,,,,f,,question,152,4,"",""
481,2018-05-07 08:16:46.632848,,,,,,f,,question,153,1,time,10
482,2018-05-07 08:16:46.882305,,,,,,f,,question,153,2,multi-confusing,""
485,2018-05-07 08:55:38.773881,,,,,,f,,question,155,1,time,15
487,2018-05-07 08:55:39.722234,,,,,,f,,question,155,3,"",""
491,2018-05-07 09:16:09.416938,,,,,,f,,question,156,3,"",""
488,2018-05-07 08:55:40.163895,,,,,,f,,question,155,4,"",""
492,2018-05-07 09:16:09.548689,,,,,,f,,question,156,4,"",""
490,2018-05-07 09:16:09.310155,,,,,,f,,question,156,2,multi-confusing,No
493,2018-05-07 09:24:18.524004,,,,,,f,,question,157,1,time,7
494,2018-05-07 09:24:18.654424,,,,,,f,,question,157,2,multi-confusing,no
495,2018-05-07 09:24:18.752438,,,,,,f,,question,157,3,"",onlhphabpmijgblopkcjmphbbmeliagn
496,2018-05-07 09:24:18.84378,,,,,,f,,question,157,4,"",""
497,2018-05-07 09:24:18.952625,,,,,,f,,question,157,5,"",""
498,2018-05-07 09:37:08.790067,,,,,,f,,question,158,1,time,10
499,2018-05-07 09:37:08.856657,,,,,,f,,question,158,2,multi-confusing,"Maybe the point of the games, but everything else was fine."
500,2018-05-07 09:37:08.924784,,,,,,f,,question,158,3,"",""
501,2018-05-07 09:37:08.993919,,,,,,f,,question,158,4,"",""
502,2018-05-07 09:46:00.590929,,,,,,f,,question,159,1,time,7
503,2018-05-07 09:46:01.016455,,,,,,f,,question,159,2,multi-confusing,no
504,2018-05-07 09:46:01.423386,,,,,,f,,question,159,3,"",""
505,2018-05-07 09:46:01.828978,,,,,,f,,question,159,4,"",""
506,2018-05-07 09:55:39.515726,,,,,,f,,question,160,1,time,15
507,2018-05-07 09:55:39.605214,,,,,,f,,question,160,2,multi-confusing,""
508,2018-05-07 09:55:39.694039,,,,,,f,,question,160,3,"",""
509,2018-05-07 09:55:39.786628,,,,,,f,,question,160,4,"",""
510,2018-05-07 10:07:15.469337,,,,,,f,,question,161,1,time,12
511,2018-05-07 10:07:15.733284,,,,,,f,,question,161,2,multi-confusing,Yes. But I feel like I got the hang after it after seeing the previous users items and how that effected what I chose.
512,2018-05-07 10:07:16.125436,,,,,,f,,question,161,3,"",""
513,2018-05-07 10:07:16.280656,,,,,,f,,question,161,4,"",""
514,2018-05-07 10:14:00.627086,,,,,,f,,question,162,1,time,5
515,2018-05-07 10:14:00.7717,,,,,,f,,question,162,2,multi-confusing,no
516,2018-05-07 10:14:00.853857,,,,,,f,,question,162,3,"",""
517,2018-05-07 10:14:00.985574,,,,,,f,,question,162,4,"",""
518,2018-05-07 10:23:30.75923,,,,,,f,,question,163,1,time,10
519,2018-05-07 10:23:30.800965,,,,,,f,,question,163,2,multi-confusing,No
520,2018-05-07 10:23:30.868459,,,,,,f,,question,163,3,"",""
521,2018-05-07 10:23:30.970435,,,,,,f,,question,163,4,"",""
522,2018-05-07 10:46:59.100719,,,,,,f,,question,164,1,time,12
523,2018-05-07 10:46:59.182702,,,,,,f,,question,164,2,multi-confusing,NO
524,2018-05-07 10:46:59.249442,,,,,,f,,question,164,3,"",""
525,2018-05-07 10:46:59.312225,,,,,,f,,question,164,4,"",""
526,2018-05-07 11:13:49.889648,,,,,,f,,question,165,1,time,5
527,2018-05-07 11:13:49.960359,,,,,,f,,question,165,2,multi-confusing,no
528,2018-05-07 11:13:50.041985,,,,,,f,,question,165,3,"",""
529,2018-05-07 11:13:50.102591,,,,,,f,,question,165,4,"",""
530,2018-05-07 11:26:06.686511,,,,,,f,,question,166,1,time,5
531,2018-05-07 11:26:06.781917,,,,,,f,,question,166,2,multi-confusing,No
532,2018-05-07 11:26:06.863735,,,,,,f,,question,166,3,"",""
533,2018-05-07 11:26:06.964164,,,,,,f,,question,166,4,"",""
534,2018-05-07 11:44:53.206081,,,,,,f,,question,167,1,time,10
535,2018-05-07 11:44:53.294437,,,,,,f,,question,167,2,multi-confusing,"No, everything was understandable."
536,2018-05-07 11:44:53.369556,,,,,,f,,question,167,3,"",""
537,2018-05-07 11:44:53.450582,,,,,,f,,question,167,4,"",""
538,2018-05-07 11:50:29.925051,,,,,,f,,question,168,1,time,0
539,2018-05-07 11:50:30.270392,,,,,,f,,question,168,2,multi-confusing,NO
540,2018-05-07 11:50:30.609872,,,,,,f,,question,168,3,"",""
541,2018-05-07 11:50:30.982296,,,,,,f,,question,168,4,"",""
542,2018-05-07 14:29:57.042661,,,,,,f,,question,170,1,time,7
543,2018-05-07 14:29:57.112491,,,,,,f,,question,170,2,multi-confusing,no
544,2018-05-07 14:29:57.177156,,,,,,f,,question,170,3,"",""
545,2018-05-07 14:29:57.232634,,,,,,f,,question,170,4,"",""
546,2018-05-07 16:01:02.626783,,,,,,f,,question,171,1,time,5
547,2018-05-07 16:01:02.725247,,,,,,f,,question,171,2,multi-confusing,"Yes, I felt that the game was pure random, I tried to see if there was a technique I could use to pick the best parts but I felt the game was pure chance on what items would fail or pass. "
548,2018-05-07 16:01:02.829926,,,,,,f,,question,171,3,"",""
549,2018-05-07 16:01:02.947773,,,,,,f,,question,171,4,"",""
550,2018-05-07 16:32:25.69971,,,,,,f,,question,173,1,time,10
551,2018-05-07 16:32:26.126796,,,,,,f,,question,173,2,multi-confusing,nothing
552,2018-05-07 16:32:26.503247,,,,,,f,,question,173,3,"",""
553,2018-05-07 16:32:26.897974,,,,,,f,,question,173,4,"",""
554,2018-05-07 17:41:17.605483,,,,,,f,,question,174,1,time,12
555,2018-05-07 17:41:17.682546,,,,,,f,,question,174,2,multi-confusing,no
556,2018-05-07 17:41:17.750447,,,,,,f,,question,174,3,"",""
557,2018-05-07 17:41:17.847882,,,,,,f,,question,174,4,"",""
558,2018-05-07 18:47:21.667516,,,,,,f,,question,175,1,time,5
559,2018-05-07 18:47:21.781531,,,,,,f,,question,175,2,multi-confusing,no
560,2018-05-07 18:47:21.89949,,,,,,f,,question,175,3,"",""
561,2018-05-07 18:47:22.013185,,,,,,f,,question,175,4,"",""
562,2018-05-07 20:25:07.118588,,,,,,f,,question,176,1,time,10
563,2018-05-07 20:25:07.234508,,,,,,f,,question,176,2,multi-confusing,"I wasn't sure how I would actually play it other than avoiding previously failed parts. Maybe that was the wrong strategy, maybe I should have been focusing on failed parts, but that is hard to justify with no information."
564,2018-05-07 20:25:07.3464,,,,,,f,,question,176,3,"",""
565,2018-05-07 20:25:07.46419,,,,,,f,,question,176,4,"",""
566,2018-05-07 21:41:37.370626,,,,,,f,,question,177,1,time,15
567,2018-05-07 21:41:37.523411,,,,,,f,,question,177,2,multi-confusing,no
568,2018-05-07 21:41:37.633537,,,,,,f,,question,177,3,"",""
569,2018-05-07 21:41:37.720044,,,,,,f,,question,177,4,"",""
570,2018-05-07 21:57:54.80371,,,,,,f,,question,178,1,time,5
571,2018-05-07 21:57:54.930242,,,,,,f,,question,178,2,multi-confusing,none
572,2018-05-07 21:57:55.062202,,,,,,f,,question,178,3,"",""
573,2018-05-07 21:57:55.403404,,,,,,f,,question,178,4,"",""
574,2018-05-07 22:35:49.690968,,,,,,f,,question,181,1,time,12
575,2018-05-07 22:35:49.849371,,,,,,f,,question,181,2,multi-confusing,No
576,2018-05-07 22:35:49.977874,,,,,,f,,question,181,3,"",""
577,2018-05-07 22:35:50.105495,,,,,,f,,question,181,4,"",""
578,2018-05-07 23:01:37.46577,,,,,,f,,question,182,1,time,5
579,2018-05-07 23:01:37.588353,,,,,,f,,question,182,2,multi-confusing,the spaceship icons were rather small.
580,2018-05-07 23:01:38.096809,,,,,,f,,question,182,3,"",""
581,2018-05-07 23:01:38.216901,,,,,,f,,question,182,4,"",""
582,2018-05-07 23:08:29.944797,,,,,,f,,question,183,1,time,5
583,2018-05-07 23:08:30.092739,,,,,,f,,question,183,2,multi-confusing,no
587,2018-05-07 23:40:18.979912,,,,,,f,,question,184,1,time,7
584,2018-05-07 23:08:30.228971,,,,,,f,,question,183,3,"",""
585,2018-05-07 23:08:30.356001,,,,,,f,,question,183,4,"",""
586,2018-05-07 23:08:30.876782,,,,,,f,,question,183,1,time,5
588,2018-05-07 23:40:19.06758,,,,,,f,,question,184,2,multi-confusing,""
589,2018-05-07 23:40:19.159419,,,,,,f,,question,184,3,"",""
590,2018-05-07 23:40:19.254805,,,,,,f,,question,184,4,"",""
592,2018-05-07 23:51:28.928814,,,,,,f,,question,186,2,multi-confusing,"It seemed random, like there was no methodology. Perhaps I didn't get it. "
594,2018-05-07 23:51:29.066061,,,,,,f,,question,186,4,"",""
591,2018-05-07 23:51:28.75374,,,,,,f,,question,186,1,time,10
593,2018-05-07 23:51:29.001123,,,,,,f,,question,186,3,"",""
595,2018-05-08 01:04:37.448263,,,,,,f,,question,187,1,time,10
596,2018-05-08 01:04:37.534883,,,,,,f,,question,187,2,multi-confusing,No I found the experiment very interesting and I was surprised that one of my ships had no failing parts!
597,2018-05-08 01:04:37.622264,,,,,,f,,question,187,3,"",""
598,2018-05-08 01:04:37.708984,,,,,,f,,question,187,4,"",""
599,2018-05-08 01:12:06.134108,,,,,,f,,question,188,1,time,5
600,2018-05-08 01:12:06.540572,,,,,,f,,question,188,2,multi-confusing,""
601,2018-05-08 01:12:06.774539,,,,,,f,,question,188,3,"",""
602,2018-05-08 01:12:07.040828,,,,,,f,,question,188,4,"",""
603,2018-05-08 01:12:09.601507,,,,,,f,,question,188,1,time,5
604,2018-05-08 01:29:35.706605,,,,,,f,,question,190,1,time,12
605,2018-05-08 01:29:35.836723,,,,,,f,,question,190,2,multi-confusing,No
606,2018-05-08 01:29:35.923889,,,,,,f,,question,190,3,"",""
607,2018-05-08 01:29:36.01614,,,,,,f,,question,190,4,"",""
608,2018-05-08 01:38:05.011418,,,,,,f,,question,191,1,time,7
609,2018-05-08 01:38:05.142514,,,,,,f,,question,191,2,multi-confusing,No
610,2018-05-08 01:38:05.269619,,,,,,f,,question,191,3,"",""
611,2018-05-08 01:38:05.397472,,,,,,f,,question,191,4,"",""
612,2018-05-08 01:38:05.80844,,,,,,f,,question,191,1,time,7
613,2018-05-08 02:02:19.072091,,,,,,f,,question,192,1,time,5
614,2018-05-08 02:02:19.119192,,,,,,f,,question,192,2,multi-confusing,"No, but it was interesting."
615,2018-05-08 02:02:19.171042,,,,,,f,,question,192,3,"",""
616,2018-05-08 02:02:19.296743,,,,,,f,,question,192,4,"",""
617,2018-05-08 02:30:16.235725,,,,,,f,,question,193,1,time,0
618,2018-05-08 02:30:16.282153,,,,,,f,,question,193,2,multi-confusing,"No, the instructions were very clear"
619,2018-05-08 02:30:16.326021,,,,,,f,,question,193,3,"",""
620,2018-05-08 02:30:16.378468,,,,,,f,,question,193,4,"",""
621,2018-05-08 03:05:20.594769,,,,,,f,,question,194,1,time,10
622,2018-05-08 03:05:20.71251,,,,,,f,,question,194,2,multi-confusing,"Nothing confusing, mostly easy to understand."
623,2018-05-08 03:05:20.819778,,,,,,f,,question,194,3,"",""
624,2018-05-08 03:05:20.928456,,,,,,f,,question,194,4,"",""
625,2018-05-08 04:33:10.960834,,,,,,f,,question,195,1,time,12
626,2018-05-08 04:33:11.062816,,,,,,f,,question,195,2,multi-confusing,no
627,2018-05-08 04:33:11.155357,,,,,,f,,question,195,3,"",""
628,2018-05-08 04:33:11.249048,,,,,,f,,question,195,4,"",""
629,2018-05-08 07:08:44.94846,,,,,,f,,question,196,1,time,12
630,2018-05-08 07:08:45.298578,,,,,,f,,question,196,2,multi-confusing,no
631,2018-05-08 07:08:45.677954,,,,,,f,,question,196,3,"",""
632,2018-05-08 07:08:46.057533,,,,,,f,,question,196,4,"",""
633,2018-05-08 07:27:06.058893,,,,,,f,,question,199,1,time,12
634,2018-05-08 07:27:06.425395,,,,,,f,,question,199,2,multi-confusing,somewhat confusing
635,2018-05-08 07:27:06.879933,,,,,,f,,question,199,3,"",""
636,2018-05-08 07:27:07.222519,,,,,,f,,question,199,4,"",""
637,2018-05-08 08:05:20.428757,,,,,,f,,question,200,1,time,15
638,2018-05-08 08:05:20.49441,,,,,,f,,question,200,2,multi-confusing,no.
639,2018-05-08 08:05:20.55823,,,,,,f,,question,200,3,"",""
640,2018-05-08 08:05:20.639267,,,,,,f,,question,200,4,"",""
641,2018-05-08 09:22:20.90485,,,,,,f,,question,201,1,time,0
642,2018-05-08 09:22:21.105921,,,,,,f,,question,201,2,multi-confusing,nope
643,2018-05-08 09:22:21.310721,,,,,,f,,question,201,3,"",""
644,2018-05-08 09:22:21.509905,,,,,,f,,question,201,4,"",""
645,2018-05-08 09:34:28.38847,,,,,,f,,question,202,1,time,5
646,2018-05-08 09:34:28.526952,,,,,,f,,question,202,2,multi-confusing,No
647,2018-05-08 09:34:28.592896,,,,,,f,,question,202,3,"",""
648,2018-05-08 09:34:28.64866,,,,,,f,,question,202,4,"",""
649,2018-05-08 09:49:03.692454,,,,,,f,,question,203,1,time,10
650,2018-05-08 09:49:03.971877,,,,,,f,,question,203,2,multi-confusing,Its very easy and nice
651,2018-05-08 09:49:04.286309,,,,,,f,,question,203,3,"",""
652,2018-05-08 09:49:04.555844,,,,,,f,,question,203,4,"",""
653,2018-05-08 11:49:57.383782,,,,,,f,,question,204,1,touchyBigButt,on
654,2018-05-08 11:49:57.46009,,,,,,f,,question,204,2,time,7
655,2018-05-08 11:49:57.6591,,,,,,f,,question,204,3,multi-confusing,Nothing
656,2018-05-08 11:49:57.784332,,,,,,f,,question,204,4,"",""
657,2018-05-08 11:49:57.871627,,,,,,f,,question,204,5,"",""
658,2018-05-08 12:18:52.748399,,,,,,f,,question,205,1,time,5
659,2018-05-08 12:18:52.847311,,,,,,f,,question,205,2,multi-confusing,nothing
660,2018-05-08 12:18:52.936787,,,,,,f,,question,205,3,"",""
661,2018-05-08 12:18:53.01038,,,,,,f,,question,205,4,"",""
662,2018-05-08 12:38:14.649872,,,,,,f,,question,207,1,time,5
663,2018-05-08 12:38:14.774943,,,,,,f,,question,207,2,multi-confusing,no
664,2018-05-08 12:38:14.896854,,,,,,f,,question,207,3,"",""
665,2018-05-08 12:38:15.062714,,,,,,f,,question,207,4,"",""
666,2018-05-08 13:00:08.894669,,,,,,f,,question,208,1,time,15
667,2018-05-08 13:00:09.04302,,,,,,f,,question,208,2,multi-confusing,no
668,2018-05-08 13:00:09.175801,,,,,,f,,question,208,3,"",""
669,2018-05-08 13:00:09.281761,,,,,,f,,question,208,4,"",""
670,2018-05-08 14:03:43.747081,,,,,,f,,question,210,1,time,12
671,2018-05-08 14:03:44.006931,,,,,,f,,question,210,2,multi-confusing,no
672,2018-05-08 14:03:44.209203,,,,,,f,,question,210,3,"",""
673,2018-05-08 14:03:44.743303,,,,,,f,,question,210,4,"",""
674,2018-05-08 15:42:31.39339,,,,,,f,,question,212,1,time,5
675,2018-05-08 15:42:31.450487,,,,,,f,,question,212,2,multi-confusing,"Some, I didn't see a pattern so I just tried to maximize my points and crossed my fingers."
676,2018-05-08 15:42:31.548927,,,,,,f,,question,212,3,"",""
677,2018-05-08 15:42:31.614995,,,,,,f,,question,212,4,"",""
678,2018-05-08 15:51:14.994619,,,,,,f,,question,213,1,time,7
679,2018-05-08 15:51:15.038784,,,,,,f,,question,213,2,multi-confusing,No
680,2018-05-08 15:51:15.107991,,,,,,f,,question,213,3,"",""
681,2018-05-08 15:51:15.239665,,,,,,f,,question,213,4,"",""
682,2018-05-08 19:37:44.682402,,,,,,f,,question,215,1,time,12
683,2018-05-08 19:37:44.762446,,,,,,f,,question,215,2,multi-confusing,Nothing.
684,2018-05-08 19:37:44.827446,,,,,,f,,question,215,3,"",""
685,2018-05-08 19:37:44.912949,,,,,,f,,question,215,4,"",""
686,2018-05-08 20:45:10.200033,,,,,,f,,question,216,1,time,5
687,2018-05-08 20:45:10.381501,,,,,,f,,question,216,2,multi-confusing,"No, this was interesting."
688,2018-05-08 20:45:11.221018,,,,,,f,,question,216,3,"",""
689,2018-05-08 20:45:11.356056,,,,,,f,,question,216,4,"",""
690,2018-05-08 20:53:57.283443,,,,,,f,,question,217,1,time,12
691,2018-05-08 20:53:57.357288,,,,,,f,,question,217,2,multi-confusing,no
692,2018-05-08 20:53:57.419506,,,,,,f,,question,217,3,"",""
693,2018-05-08 20:53:57.478469,,,,,,f,,question,217,4,"",""
694,2018-05-08 21:04:20.627075,,,,,,f,,question,220,1,time,10
695,2018-05-08 21:04:20.751807,,,,,,f,,question,220,2,multi-confusing,No.
696,2018-05-08 21:04:20.877361,,,,,,f,,question,220,3,"",""
697,2018-05-08 21:04:21.017064,,,,,,f,,question,220,4,"",""
698,2018-05-08 22:11:21.767883,,,,,,f,,question,221,1,time,10
699,2018-05-08 22:11:21.834868,,,,,,f,,question,221,2,multi-confusing,"The whole thing, I didn't understand it."
700,2018-05-08 22:11:21.912421,,,,,,f,,question,221,3,"",""
701,2018-05-08 22:11:21.97876,,,,,,f,,question,221,4,"",""
702,2018-05-08 22:22:49.847487,,,,,,f,,question,222,1,time,10
703,2018-05-08 22:22:49.931708,,,,,,f,,question,222,2,multi-confusing,no
704,2018-05-08 22:22:50.004135,,,,,,f,,question,222,3,"",""
705,2018-05-08 22:22:50.068367,,,,,,f,,question,222,4,"",""
706,2018-05-08 22:39:46.400009,,,,,,f,,question,223,1,time,10
707,2018-05-08 22:39:46.493579,,,,,,f,,question,223,2,multi-confusing,"Yes, I don't understand what the previous builders design and results had to do with anything if the breakdown of parts was random. Unless I misunderstood something"
708,2018-05-08 22:39:46.584757,,,,,,f,,question,223,3,"",""
709,2018-05-08 22:39:46.677863,,,,,,f,,question,223,4,"",""
710,2018-05-08 23:34:36.695994,,,,,,f,,question,224,1,time,12
711,2018-05-08 23:34:36.822889,,,,,,f,,question,224,2,multi-confusing,no
712,2018-05-08 23:34:36.927484,,,,,,f,,question,224,3,"",""
713,2018-05-08 23:34:37.032952,,,,,,f,,question,224,4,"",""
714,2018-05-09 00:24:49.240169,,,,,,f,,question,225,1,time,10
715,2018-05-09 00:24:49.316155,,,,,,f,,question,225,2,multi-confusing,No I did not. 
716,2018-05-09 00:24:49.413775,,,,,,f,,question,225,3,"",""
717,2018-05-09 00:24:49.505963,,,,,,f,,question,225,4,"",""
718,2018-05-09 00:49:18.986688,,,,,,f,,question,226,1,time,7
719,2018-05-09 00:49:19.112778,,,,,,f,,question,226,2,multi-confusing,Nope
720,2018-05-09 00:49:19.260545,,,,,,f,,question,226,3,"",""
721,2018-05-09 00:49:19.418118,,,,,,f,,question,226,4,"",""
722,2018-05-09 01:05:08.067164,,,,,,f,,question,227,1,time,5
723,2018-05-09 01:05:08.182076,,,,,,f,,question,227,2,multi-confusing,I did not notice any particular pattern or able to gain knowledge from failed parts
724,2018-05-09 01:05:08.300476,,,,,,f,,question,227,3,"",""
725,2018-05-09 01:05:08.410258,,,,,,f,,question,227,4,"",""
726,2018-05-09 01:15:24.112963,,,,,,f,,question,228,1,time,10
727,2018-05-09 01:15:24.23343,,,,,,f,,question,228,2,multi-confusing,""
728,2018-05-09 01:15:24.340267,,,,,,f,,question,228,3,"",""
729,2018-05-09 01:15:24.447884,,,,,,f,,question,228,4,"",""
730,2018-05-09 01:31:47.676331,,,,,,f,,question,229,1,time,10
731,2018-05-09 01:31:47.777023,,,,,,f,,question,229,2,multi-confusing,"No, it was very straightforward."
732,2018-05-09 01:31:48.034143,,,,,,f,,question,229,3,"",""
733,2018-05-09 01:31:48.191191,,,,,,f,,question,229,4,"",""
734,2018-05-09 01:49:56.718764,,,,,,f,,question,230,1,time,12
735,2018-05-09 01:49:56.807725,,,,,,f,,question,230,2,multi-confusing,Nothing confusing
736,2018-05-09 01:49:56.902781,,,,,,f,,question,230,3,"",""
737,2018-05-09 01:49:56.984458,,,,,,f,,question,230,4,"",""
738,2018-05-09 03:33:42.497406,,,,,,f,,question,231,1,time,12
739,2018-05-09 03:33:42.566616,,,,,,f,,question,231,2,multi-confusing,""
740,2018-05-09 03:33:42.618383,,,,,,f,,question,231,3,"",""
741,2018-05-09 03:33:42.690052,,,,,,f,,question,231,4,"",""
742,2018-05-09 03:57:07.143643,,,,,,f,,question,233,1,time,12
743,2018-05-09 03:57:07.325851,,,,,,f,,question,233,2,multi-confusing,none
744,2018-05-09 03:57:07.492251,,,,,,f,,question,233,3,"",""
745,2018-05-09 03:57:07.590109,,,,,,f,,question,233,4,"",""
746,2018-05-09 04:11:19.552992,,,,,,f,,question,234,1,time,10
747,2018-05-09 04:11:19.615293,,,,,,f,,question,234,2,multi-confusing,You said it was random--how often they failed and which failed but I kept thinking there must be a pattern to which ones to choose. I couldn't find it.
748,2018-05-09 04:11:19.705417,,,,,,f,,question,234,3,"",""
749,2018-05-09 04:11:19.778632,,,,,,f,,question,234,4,"",""
750,2018-05-09 06:38:58.189387,,,,,,f,,question,238,1,time,15
751,2018-05-09 06:38:58.279414,,,,,,f,,question,238,2,multi-confusing,NO
752,2018-05-09 06:38:58.364781,,,,,,f,,question,238,3,"",""
753,2018-05-09 06:38:58.474832,,,,,,f,,question,238,4,"",""
754,2018-05-09 06:44:58.653174,,,,,,f,,question,239,1,time,7
755,2018-05-09 06:44:58.719709,,,,,,f,,question,239,2,multi-confusing,no
756,2018-05-09 06:44:58.800267,,,,,,f,,question,239,3,"",""
757,2018-05-09 06:44:58.86934,,,,,,f,,question,239,4,"",""
758,2018-05-09 06:59:05.149896,,,,,,f,,question,241,1,time,5
759,2018-05-09 06:59:05.24529,,,,,,f,,question,241,2,multi-confusing,No
760,2018-05-09 06:59:05.313214,,,,,,f,,question,241,3,"",""
761,2018-05-09 06:59:05.38746,,,,,,f,,question,241,4,"",""
762,2018-05-09 08:14:27.665562,,,,,,f,,question,243,1,time,5
763,2018-05-09 08:14:27.727478,,,,,,f,,question,243,2,multi-confusing,"Nope. Seems pretty weird, hopefully my results were helpful!"
764,2018-05-09 08:14:27.779299,,,,,,f,,question,243,3,"",""
765,2018-05-09 08:14:27.829171,,,,,,f,,question,243,4,"",""
766,2018-05-09 08:33:19.947704,,,,,,f,,question,244,1,time,12
767,2018-05-09 08:33:20.031514,,,,,,f,,question,244,2,multi-confusing,""
768,2018-05-09 08:33:20.11747,,,,,,f,,question,244,3,"",""
769,2018-05-09 08:33:20.193372,,,,,,f,,question,244,4,"",""
770,2018-05-09 09:45:27.584397,,,,,,f,,question,245,1,time,10
771,2018-05-09 09:45:27.652845,,,,,,f,,question,245,2,multi-confusing,no
772,2018-05-09 09:45:27.718084,,,,,,f,,question,245,3,"",""
773,2018-05-09 09:45:27.779893,,,,,,f,,question,245,4,"",""
774,2018-05-09 09:52:56.772768,,,,,,f,,question,246,1,time,12
775,2018-05-09 09:52:57.648352,,,,,,f,,question,246,2,multi-confusing,no
776,2018-05-09 09:52:58.507517,,,,,,f,,question,246,3,"",""
777,2018-05-09 09:52:59.215653,,,,,,f,,question,246,4,"",""
778,2018-05-09 09:53:02.176744,,,,,,f,,question,246,1,time,12
779,2018-05-09 10:14:27.287598,,,,,,f,,question,247,1,time,15
780,2018-05-09 10:14:27.578804,,,,,,f,,question,247,2,multi-confusing,no  its good
781,2018-05-09 10:14:27.850421,,,,,,f,,question,247,3,"",""
782,2018-05-09 10:14:28.151616,,,,,,f,,question,247,4,"",""
783,2018-05-09 10:41:03.968014,,,,,,f,,question,248,1,time,12
791,2018-05-09 12:28:04.394778,,,,,,f,,question,253,1,time,7
792,2018-05-09 12:28:04.477804,,,,,,f,,question,253,2,multi-confusing,""
804,2018-05-09 14:16:44.64813,,,,,,f,,question,256,2,multi-confusing,"No, everything was clear."
784,2018-05-09 10:41:04.096642,,,,,,f,,question,248,2,multi-confusing,none
806,2018-05-09 14:16:44.887945,,,,,,f,,question,256,4,"",""
785,2018-05-09 10:41:04.228644,,,,,,f,,question,248,3,"",""
810,2018-05-09 15:35:48.940281,,,,,,f,,question,258,4,"",""
786,2018-05-09 10:41:04.406097,,,,,,f,,question,248,4,"",""
814,2018-05-09 16:00:39.512753,,,,,,f,,question,259,4,"",""
787,2018-05-09 11:48:05.532469,,,,,,f,,question,252,1,time,5
788,2018-05-09 11:48:05.591913,,,,,,f,,question,252,2,multi-confusing,"I didn't really understand which parts would work and which ones wouldn't, which I suppose is the point?"
789,2018-05-09 11:48:05.698078,,,,,,f,,question,252,3,"",""
790,2018-05-09 11:48:05.809083,,,,,,f,,question,252,4,"",""
793,2018-05-09 12:28:04.546377,,,,,,f,,question,253,3,"",""
794,2018-05-09 12:28:04.613347,,,,,,f,,question,253,4,"",""
797,2018-05-09 12:35:06.15927,,,,,,f,,question,254,3,"",""
799,2018-05-09 13:03:37.645035,,,,,,f,,question,255,1,time,5
795,2018-05-09 12:35:06.039863,,,,,,f,,question,254,1,time,5
796,2018-05-09 12:35:06.101809,,,,,,f,,question,254,2,multi-confusing,No.
798,2018-05-09 12:35:06.215928,,,,,,f,,question,254,4,"",""
800,2018-05-09 13:03:37.793759,,,,,,f,,question,255,2,multi-confusing,no
811,2018-05-09 16:00:39.117274,,,,,,f,,question,259,1,time,5
801,2018-05-09 13:03:37.933231,,,,,,f,,question,255,3,"",""
802,2018-05-09 13:03:38.057786,,,,,,f,,question,255,4,"",""
803,2018-05-09 14:16:44.550186,,,,,,f,,question,256,1,time,7
805,2018-05-09 14:16:44.760386,,,,,,f,,question,256,3,"",""
807,2018-05-09 15:35:48.725186,,,,,,f,,question,258,1,time,7
808,2018-05-09 15:35:48.80772,,,,,,f,,question,258,2,multi-confusing,Nope
809,2018-05-09 15:35:48.884188,,,,,,f,,question,258,3,"",""
812,2018-05-09 16:00:39.25321,,,,,,f,,question,259,2,multi-confusing,"Only that it didn't seem to make any difference if I chose items that my partner chose that were not red, because most ended up red in my ship."
813,2018-05-09 16:00:39.369359,,,,,,f,,question,259,3,"",""
